ShortID,OriginalHeader
G1,TrainP105_1
G2,TrainP105_2
G3,TrainP105_3
G4,TrainP105_4
G5,TrainP105_5
G6,TrainP105_6
G7,TrainP105_7
G8,TrainP105_8
G9,TrainP105_9
G10,TrainP105_10
G11,TrainP105_11
G12,TrainP105_12
G13,TrainP105_13
G14,TrainP105_14
G15,TrainP105_15
G16,TrainP105_16
G17,TrainP105_17
G18,TrainP105_18
G19,TrainP105_19
G20,TrainP105_20
G21,TrainP105_21
G22,TrainP105_22
G23,TrainP105_23
G24,TrainP105_24
G25,TrainP105_25
G26,TrainP105_26
G27,TrainP105_27
G28,TrainP105_28
G29,TrainP105_29
G30,TrainP105_30
G31,TrainP105_31
G32,TrainP105_32
G33,TrainP105_33
G34,TrainP105_34
G35,TrainP105_35
G36,TrainP105_36
G37,TrainP105_37
G38,TrainP105_38
G39,TrainP105_39
G40,TrainP105_40
G41,TrainP105_41
G42,TrainP105_42
G43,TrainP105_43
G44,TrainP105_44
G45,TrainP105_45
G46,TrainP105_46
G47,TrainP105_47
G48,TrainP105_48
G49,TrainP105_49
G50,TrainP105_50
G51,TrainP105_51
G52,TrainP105_52
G53,TrainP105_53
G54,TrainP105_54
G55,TrainP105_55
G56,TrainP105_56
G57,TrainP105_57
G58,TrainP105_58
G59,TrainP105_59
G60,TrainP105_60
G61,TrainP105_61
G62,TrainP105_62
G63,TrainP105_63
G64,TrainP105_64
G65,TrainP105_65
G66,TrainP105_66
G67,TrainP105_67
G68,TrainP105_68
G69,TrainP105_69
G70,TrainP105_70
G71,TrainP105_71
G72,TrainP105_72
G73,TrainP105_73
G74,TrainP105_74
G75,TrainP105_75
G76,TrainP105_76
G77,TrainP105_77
G78,TrainP105_78
G79,TrainP105_79
G80,TrainP105_80
G81,TrainP105_81
G82,TrainP105_82
G83,TrainP105_83
G84,TrainP105_84
G85,TrainP105_85
G86,TrainP105_86
G87,TrainP105_87
G88,TrainP105_88
G89,TrainP105_89
G90,TrainP105_90
G91,TrainP105_91
G92,TrainP105_92
G93,TrainP105_93
G94,TrainP105_94
G95,TrainP105_95
G96,TrainP105_96
G97,TrainP105_97
G98,TrainP105_98
G99,TrainP105_99
G100,TrainP105_100
G101,TrainP105_101
G102,TrainP105_102
G103,TrainP105_103
G104,TrainP105_104
G105,TrainP105_105
G106,TestP28_1
G107,TestP28_2
G108,TestP28_3
G109,TestP28_4
G110,TestP28_5
G111,TestP28_6
G112,TestP28_7
G113,TestP28_8
G114,TestP28_9
G115,TestP28_10
G116,TestP28_11
G117,TestP28_12
G118,TestP28_13
G119,TestP28_14
G120,TestP28_15
G121,TestP28_16
G122,TestP28_17
G123,TestP28_18
G124,TestP28_19
G125,TestP28_20
G126,TestP28_21
G127,TestP28_22
G128,TestP28_23
G129,TestP28_24
G130,TestP28_25
G131,TestP28_26
G132,TestP28_27
G133,TestP28_28
G134,TrainP105_1
G135,TrainP105_2
G136,TrainP105_3
G137,TrainP105_4
G138,TrainP105_5
G139,TrainP105_6
G140,TrainP105_7
G141,TrainP105_8
G142,TrainP105_9
G143,TrainP105_10
G144,TrainP105_11
G145,TrainP105_12
G146,TrainP105_13
G147,TrainP105_14
G148,TrainP105_15
G149,TrainP105_16
G150,TrainP105_17
G151,TrainP105_18
G152,TrainP105_19
G153,TrainP105_20
G154,TrainP105_21
G155,TrainP105_22
G156,TrainP105_23
G157,TrainP105_24
G158,TrainP105_25
G159,TrainP105_26
G160,TrainP105_27
G161,TrainP105_28
G162,TrainP105_29
G163,TrainP105_30
G164,TrainP105_31
G165,TrainP105_32
G166,TrainP105_33
G167,TrainP105_34
G168,TrainP105_35
G169,TrainP105_36
G170,TrainP105_37
G171,TrainP105_38
G172,TrainP105_39
G173,TrainP105_40
G174,TrainP105_41
G175,TrainP105_42
G176,TrainP105_43
G177,TrainP105_44
G178,TrainP105_45
G179,TrainP105_46
G180,TrainP105_47
G181,TrainP105_48
G182,TrainP105_49
G183,TrainP105_50
G184,TrainP105_51
G185,TrainP105_52
G186,TrainP105_53
G187,TrainP105_54
G188,TrainP105_55
G189,TrainP105_56
G190,TrainP105_57
G191,TrainP105_58
G192,TrainP105_59
G193,TrainP105_60
G194,TrainP105_61
G195,TrainP105_62
G196,TrainP105_63
G197,TrainP105_64
G198,TrainP105_65
G199,TrainP105_66
G200,TrainP105_67
G201,TrainP105_68
G202,TrainP105_69
G203,TrainP105_70
G204,TrainP105_71
G205,TrainP105_72
G206,TrainP105_73
G207,TrainP105_74
G208,TrainP105_75
G209,TrainP105_76
G210,TrainP105_77
G211,TrainP105_78
G212,TrainP105_79
G213,TrainP105_80
G214,TrainP105_81
G215,TrainP105_82
G216,TrainP105_83
G217,TrainP105_84
G218,TrainP105_85
G219,TrainP105_86
G220,TrainP105_87
G221,TrainP105_88
G222,TrainP105_89
G223,TrainP105_90
G224,TrainP105_91
G225,TrainP105_92
G226,TrainP105_93
G227,TrainP105_94
G228,TrainP105_95
G229,TrainP105_96
G230,TrainP105_97
G231,TrainP105_98
G232,TrainP105_99
G233,TrainP105_100
G234,TrainP105_101
G235,TrainP105_102
G236,TrainP105_103
G237,TrainP105_104
G238,TrainP105_105
G239,TestP28_1
G240,TestP28_2
G241,TestP28_3
G242,TestP28_4
G243,TestP28_5
G244,TestP28_6
G245,TestP28_7
G246,TestP28_8
G247,TestP28_9
G248,TestP28_10
G249,TestP28_11
G250,TestP28_12
G251,TestP28_13
G252,TestP28_14
G253,TestP28_15
G254,TestP28_16
G255,TestP28_17
G256,TestP28_18
G257,TestP28_19
G258,TestP28_20
G259,TestP28_21
G260,TestP28_22
G261,TestP28_23
G262,TestP28_24
G263,TestP28_25
G264,TestP28_26
G265,TestP28_27
G266,TestP28_28
G267,TrainP105_1
G268,TrainP105_2
G269,TrainP105_3
G270,TrainP105_4
G271,TrainP105_5
G272,TrainP105_6
G273,TrainP105_7
G274,TrainP105_8
G275,TrainP105_9
G276,TrainP105_10
G277,TrainP105_11
G278,TrainP105_12
G279,TrainP105_13
G280,TrainP105_14
G281,TrainP105_15
G282,TrainP105_16
G283,TrainP105_17
G284,TrainP105_18
G285,TrainP105_19
G286,TrainP105_20
G287,TrainP105_21
G288,TrainP105_22
G289,TrainP105_23
G290,TrainP105_24
G291,TrainP105_25
G292,TrainP105_26
G293,TrainP105_27
G294,TrainP105_28
G295,TrainP105_29
G296,TrainP105_30
G297,TrainP105_31
G298,TrainP105_32
G299,TrainP105_33
G300,TrainP105_34
G301,TrainP105_35
G302,TrainP105_36
G303,TrainP105_37
G304,TrainP105_38
G305,TrainP105_39
G306,TrainP105_40
G307,TrainP105_41
G308,TrainP105_42
G309,TrainP105_43
G310,TrainP105_44
G311,TrainP105_45
G312,TrainP105_46
G313,TrainP105_47
G314,TrainP105_48
G315,TrainP105_49
G316,TrainP105_50
G317,TrainP105_51
G318,TrainP105_52
G319,TrainP105_53
G320,TrainP105_54
G321,TrainP105_55
G322,TrainP105_56
G323,TrainP105_57
G324,TrainP105_58
G325,TrainP105_59
G326,TrainP105_60
G327,TrainP105_61
G328,TrainP105_62
G329,TrainP105_63
G330,TrainP105_64
G331,TrainP105_65
G332,TrainP105_66
G333,TrainP105_67
G334,TrainP105_68
G335,TrainP105_69
G336,TrainP105_70
G337,TrainP105_71
G338,TrainP105_72
G339,TrainP105_73
G340,TrainP105_74
G341,TrainP105_75
G342,TrainP105_76
G343,TrainP105_77
G344,TrainP105_78
G345,TrainP105_79
G346,TrainP105_80
G347,TrainP105_81
G348,TrainP105_82
G349,TrainP105_83
G350,TrainP105_84
G351,TrainP105_85
G352,TrainP105_86
G353,TrainP105_87
G354,TrainP105_88
G355,TrainP105_89
G356,TrainP105_90
G357,TrainP105_91
G358,TrainP105_92
G359,TrainP105_93
G360,TrainP105_94
G361,TrainP105_95
G362,TrainP105_96
G363,TrainP105_97
G364,TrainP105_98
G365,TrainP105_99
G366,TrainP105_100
G367,TrainP105_101
G368,TrainP105_102
G369,TrainP105_103
G370,TrainP105_104
G371,TrainP105_105
G372,TestP28_1
G373,TestP28_2
G374,TestP28_3
G375,TestP28_4
G376,TestP28_5
G377,TestP28_6
G378,TestP28_7
G379,TestP28_8
G380,TestP28_9
G381,TestP28_10
G382,TestP28_11
G383,TestP28_12
G384,TestP28_13
G385,TestP28_14
G386,TestP28_15
G387,TestP28_16
G388,TestP28_17
G389,TestP28_18
G390,TestP28_19
G391,TestP28_20
G392,TestP28_21
G393,TestP28_22
G394,TestP28_23
G395,TestP28_24
G396,TestP28_25
G397,TestP28_26
G398,TestP28_27
G399,TestP28_28
G400,TrainP105_1
G401,TrainP105_2
G402,TrainP105_3
G403,TrainP105_4
G404,TrainP105_5
G405,TrainP105_6
G406,TrainP105_7
G407,TrainP105_8
G408,TrainP105_9
G409,TrainP105_10
G410,TrainP105_11
G411,TrainP105_12
G412,TrainP105_13
G413,TrainP105_14
G414,TrainP105_15
G415,TrainP105_16
G416,TrainP105_17
G417,TrainP105_18
G418,TrainP105_19
G419,TrainP105_20
G420,TrainP105_21
G421,TrainP105_22
G422,TrainP105_23
G423,TrainP105_24
G424,TrainP105_25
G425,TrainP105_26
G426,TrainP105_27
G427,TrainP105_28
G428,TrainP105_29
G429,TrainP105_30
G430,TrainP105_31
G431,TrainP105_32
G432,TrainP105_33
G433,TrainP105_34
G434,TrainP105_35
G435,TrainP105_36
G436,TrainP105_37
G437,TrainP105_38
G438,TrainP105_39
G439,TrainP105_40
G440,TrainP105_41
G441,TrainP105_42
G442,TrainP105_43
G443,TrainP105_44
G444,TrainP105_45
G445,TrainP105_46
G446,TrainP105_47
G447,TrainP105_48
G448,TrainP105_49
G449,TrainP105_50
G450,TrainP105_51
G451,TrainP105_52
G452,TrainP105_53
G453,TrainP105_54
G454,TrainP105_55
G455,TrainP105_56
G456,TrainP105_57
G457,TrainP105_58
G458,TrainP105_59
G459,TrainP105_60
G460,TrainP105_61
G461,TrainP105_62
G462,TrainP105_63
G463,TrainP105_64
G464,TrainP105_65
G465,TrainP105_66
G466,TrainP105_67
G467,TrainP105_68
G468,TrainP105_69
G469,TrainP105_70
G470,TrainP105_71
G471,TrainP105_72
G472,TrainP105_73
G473,TrainP105_74
G474,TrainP105_75
G475,TrainP105_76
G476,TrainP105_77
G477,TrainP105_78
G478,TrainP105_79
G479,TrainP105_80
G480,TrainP105_81
G481,TrainP105_82
G482,TrainP105_83
G483,TrainP105_84
G484,TrainP105_85
G485,TrainP105_86
G486,TrainP105_87
G487,TrainP105_88
G488,TrainP105_89
G489,TrainP105_90
G490,TrainP105_91
G491,TrainP105_92
G492,TrainP105_93
G493,TrainP105_94
G494,TrainP105_95
G495,TrainP105_96
G496,TrainP105_97
G497,TrainP105_98
G498,TrainP105_99
G499,TrainP105_100
G500,TrainP105_101
G501,TrainP105_102
G502,TrainP105_103
G503,TrainP105_104
G504,TrainP105_105
G505,TestP28_1
G506,TestP28_2
G507,TestP28_3
G508,TestP28_4
G509,TestP28_5
G510,TestP28_6
G511,TestP28_7
G512,TestP28_8
G513,TestP28_9
G514,TestP28_10
G515,TestP28_11
G516,TestP28_12
G517,TestP28_13
G518,TestP28_14
G519,TestP28_15
G520,TestP28_16
G521,TestP28_17
G522,TestP28_18
G523,TestP28_19
G524,TestP28_20
G525,TestP28_21
G526,TestP28_22
G527,TestP28_23
G528,TestP28_24
G529,TestP28_25
G530,TestP28_26
G531,TestP28_27
G532,TestP28_28
G533,TrainP105_1
G534,TrainP105_2
G535,TrainP105_3
G536,TrainP105_4
G537,TrainP105_5
G538,TrainP105_6
G539,TrainP105_7
G540,TrainP105_8
G541,TrainP105_9
G542,TrainP105_10
G543,TrainP105_11
G544,TrainP105_12
G545,TrainP105_13
G546,TrainP105_14
G547,TrainP105_15
G548,TrainP105_16
G549,TrainP105_17
G550,TrainP105_18
G551,TrainP105_19
G552,TrainP105_20
G553,TrainP105_21
G554,TrainP105_22
G555,TrainP105_23
G556,TrainP105_24
G557,TrainP105_25
G558,TrainP105_26
G559,TrainP105_27
G560,TrainP105_28
G561,TrainP105_29
G562,TrainP105_30
G563,TrainP105_31
G564,TrainP105_32
G565,TrainP105_33
G566,TrainP105_34
G567,TrainP105_35
G568,TrainP105_36
G569,TrainP105_37
G570,TrainP105_38
G571,TrainP105_39
G572,TrainP105_40
G573,TrainP105_41
G574,TrainP105_42
G575,TrainP105_43
G576,TrainP105_44
G577,TrainP105_45
G578,TrainP105_46
G579,TrainP105_47
G580,TrainP105_48
G581,TrainP105_49
G582,TrainP105_50
G583,TrainP105_51
G584,TrainP105_52
G585,TrainP105_53
G586,TrainP105_54
G587,TrainP105_55
G588,TrainP105_56
G589,TrainP105_57
G590,TrainP105_58
G591,TrainP105_59
G592,TrainP105_60
G593,TrainP105_61
G594,TrainP105_62
G595,TrainP105_63
G596,TrainP105_64
G597,TrainP105_65
G598,TrainP105_66
G599,TrainP105_67
G600,TrainP105_68
G601,TrainP105_69
G602,TrainP105_70
G603,TrainP105_71
G604,TrainP105_72
G605,TrainP105_73
G606,TrainP105_74
G607,TrainP105_75
G608,TrainP105_76
G609,TrainP105_77
G610,TrainP105_78
G611,TrainP105_79
G612,TrainP105_80
G613,TrainP105_81
G614,TrainP105_82
G615,TrainP105_83
G616,TrainP105_84
G617,TrainP105_85
G618,TrainP105_86
G619,TrainP105_87
G620,TrainP105_88
G621,TrainP105_89
G622,TrainP105_90
G623,TrainP105_91
G624,TrainP105_92
G625,TrainP105_93
G626,TrainP105_94
G627,TrainP105_95
G628,TrainP105_96
G629,TrainP105_97
G630,TrainP105_98
G631,TrainP105_99
G632,TrainP105_100
G633,TrainP105_101
G634,TrainP105_102
G635,TrainP105_103
G636,TrainP105_104
G637,TrainP105_105
G638,TestP28_1
G639,TestP28_2
G640,TestP28_3
G641,TestP28_4
G642,TestP28_5
G643,TestP28_6
G644,TestP28_7
G645,TestP28_8
G646,TestP28_9
G647,TestP28_10
G648,TestP28_11
G649,TestP28_12
G650,TestP28_13
G651,TestP28_14
G652,TestP28_15
G653,TestP28_16
G654,TestP28_17
G655,TestP28_18
G656,TestP28_19
G657,TestP28_20
G658,TestP28_21
G659,TestP28_22
G660,TestP28_23
G661,TestP28_24
G662,TestP28_25
G663,TestP28_26
G664,TestP28_27
G665,TestP28_28
G666,TrainP105_1
G667,TrainP105_2
G668,TrainP105_3
G669,TrainP105_4
G670,TrainP105_5
G671,TrainP105_6
G672,TrainP105_7
G673,TrainP105_8
G674,TrainP105_9
G675,TrainP105_10
G676,TrainP105_11
G677,TrainP105_12
G678,TrainP105_13
G679,TrainP105_14
G680,TrainP105_15
G681,TrainP105_16
G682,TrainP105_17
G683,TrainP105_18
G684,TrainP105_19
G685,TrainP105_20
G686,TrainP105_21
G687,TrainP105_22
G688,TrainP105_23
G689,TrainP105_24
G690,TrainP105_25
G691,TrainP105_26
G692,TrainP105_27
G693,TrainP105_28
G694,TrainP105_29
G695,TrainP105_30
G696,TrainP105_31
G697,TrainP105_32
G698,TrainP105_33
G699,TrainP105_34
G700,TrainP105_35
G701,TrainP105_36
G702,TrainP105_37
G703,TrainP105_38
G704,TrainP105_39
G705,TrainP105_40
G706,TrainP105_41
G707,TrainP105_42
G708,TrainP105_43
G709,TrainP105_44
G710,TrainP105_45
G711,TrainP105_46
G712,TrainP105_47
G713,TrainP105_48
G714,TrainP105_49
G715,TrainP105_50
G716,TrainP105_51
G717,TrainP105_52
G718,TrainP105_53
G719,TrainP105_54
G720,TrainP105_55
G721,TrainP105_56
G722,TrainP105_57
G723,TrainP105_58
G724,TrainP105_59
G725,TrainP105_60
G726,TrainP105_61
G727,TrainP105_62
G728,TrainP105_63
G729,TrainP105_64
G730,TrainP105_65
G731,TrainP105_66
G732,TrainP105_67
G733,TrainP105_68
G734,TrainP105_69
G735,TrainP105_70
G736,TrainP105_71
G737,TrainP105_72
G738,TrainP105_73
G739,TrainP105_74
G740,TrainP105_75
G741,TrainP105_76
G742,TrainP105_77
G743,TrainP105_78
G744,TrainP105_79
G745,TrainP105_80
G746,TrainP105_81
G747,TrainP105_82
G748,TrainP105_83
G749,TrainP105_84
G750,TrainP105_85
G751,TrainP105_86
G752,TrainP105_87
G753,TrainP105_88
G754,TrainP105_89
G755,TrainP105_90
G756,TrainP105_91
G757,TrainP105_92
G758,TrainP105_93
G759,TrainP105_94
G760,TrainP105_95
G761,TrainP105_96
G762,TrainP105_97
G763,TrainP105_98
G764,TrainP105_99
G765,TrainP105_100
G766,TrainP105_101
G767,TrainP105_102
G768,TrainP105_103
G769,TrainP105_104
G770,TrainP105_105
G771,TestP28_1
G772,TestP28_2
G773,TestP28_3
G774,TestP28_4
G775,TestP28_5
G776,TestP28_6
G777,TestP28_7
G778,TestP28_8
G779,TestP28_9
G780,TestP28_10
G781,TestP28_11
G782,TestP28_12
G783,TestP28_13
G784,TestP28_14
G785,TestP28_15
G786,TestP28_16
G787,TestP28_17
G788,TestP28_18
G789,TestP28_19
G790,TestP28_20
G791,TestP28_21
G792,TestP28_22
G793,TestP28_23
G794,TestP28_24
G795,TestP28_25
G796,TestP28_26
G797,TestP28_27
G798,TestP28_28
G799,TrainP105_1
G800,TrainP105_2
G801,TrainP105_3
G802,TrainP105_4
G803,TrainP105_5
G804,TrainP105_6
G805,TrainP105_7
G806,TrainP105_8
G807,TrainP105_9
G808,TrainP105_10
G809,TrainP105_11
G810,TrainP105_12
G811,TrainP105_13
G812,TrainP105_14
G813,TrainP105_15
G814,TrainP105_16
G815,TrainP105_17
G816,TrainP105_18
G817,TrainP105_19
G818,TrainP105_20
G819,TrainP105_21
G820,TrainP105_22
G821,TrainP105_23
G822,TrainP105_24
G823,TrainP105_25
G824,TrainP105_26
G825,TrainP105_27
G826,TrainP105_28
G827,TrainP105_29
G828,TrainP105_30
G829,TrainP105_31
G830,TrainP105_32
G831,TrainP105_33
G832,TrainP105_34
G833,TrainP105_35
G834,TrainP105_36
G835,TrainP105_37
G836,TrainP105_38
G837,TrainP105_39
G838,TrainP105_40
G839,TrainP105_41
G840,TrainP105_42
G841,TrainP105_43
G842,TrainP105_44
G843,TrainP105_45
G844,TrainP105_46
G845,TrainP105_47
G846,TrainP105_48
G847,TrainP105_49
G848,TrainP105_50
G849,TrainP105_51
G850,TrainP105_52
G851,TrainP105_53
G852,TrainP105_54
G853,TrainP105_55
G854,TrainP105_56
G855,TrainP105_57
G856,TrainP105_58
G857,TrainP105_59
G858,TrainP105_60
G859,TrainP105_61
G860,TrainP105_62
G861,TrainP105_63
G862,TrainP105_64
G863,TrainP105_65
G864,TrainP105_66
G865,TrainP105_67
G866,TrainP105_68
G867,TrainP105_69
G868,TrainP105_70
G869,TrainP105_71
G870,TrainP105_72
G871,TrainP105_73
G872,TrainP105_74
G873,TrainP105_75
G874,TrainP105_76
G875,TrainP105_77
G876,TrainP105_78
G877,TrainP105_79
G878,TrainP105_80
G879,TrainP105_81
G880,TrainP105_82
G881,TrainP105_83
G882,TrainP105_84
G883,TrainP105_85
G884,TrainP105_86
G885,TrainP105_87
G886,TrainP105_88
G887,TrainP105_89
G888,TrainP105_90
G889,TrainP105_91
G890,TrainP105_92
G891,TrainP105_93
G892,TrainP105_94
G893,TrainP105_95
G894,TrainP105_96
G895,TrainP105_97
G896,TrainP105_98
G897,TrainP105_99
G898,TrainP105_100
G899,TrainP105_101
G900,TrainP105_102
G901,TrainP105_103
G902,TrainP105_104
G903,TrainP105_105
G904,TestP28_1
G905,TestP28_2
G906,TestP28_3
G907,TestP28_4
G908,TestP28_5
G909,TestP28_6
G910,TestP28_7
G911,TestP28_8
G912,TestP28_9
G913,TestP28_10
G914,TestP28_11
G915,TestP28_12
G916,TestP28_13
G917,TestP28_14
G918,TestP28_15
G919,TestP28_16
G920,TestP28_17
G921,TestP28_18
G922,TestP28_19
G923,TestP28_20
G924,TestP28_21
G925,TestP28_22
G926,TestP28_23
G927,TestP28_24
G928,TestP28_25
G929,TestP28_26
G930,TestP28_27
G931,TestP28_28
G932,TrainP105_1
G933,TrainP105_2
G934,TrainP105_3
G935,TrainP105_4
G936,TrainP105_5
G937,TrainP105_6
G938,TrainP105_7
G939,TrainP105_8
G940,TrainP105_9
G941,TrainP105_10
G942,TrainP105_11
G943,TrainP105_12
G944,TrainP105_13
G945,TrainP105_14
G946,TrainP105_15
G947,TrainP105_16
G948,TrainP105_17
G949,TrainP105_18
G950,TrainP105_19
G951,TrainP105_20
G952,TrainP105_21
G953,TrainP105_22
G954,TrainP105_23
G955,TrainP105_24
G956,TrainP105_25
G957,TrainP105_26
G958,TrainP105_27
G959,TrainP105_28
G960,TrainP105_29
G961,TrainP105_30
G962,TrainP105_31
G963,TrainP105_32
G964,TrainP105_33
G965,TrainP105_34
G966,TrainP105_35
G967,TrainP105_36
G968,TrainP105_37
G969,TrainP105_38
G970,TrainP105_39
G971,TrainP105_40
G972,TrainP105_41
G973,TrainP105_42
G974,TrainP105_43
G975,TrainP105_44
G976,TrainP105_45
G977,TrainP105_46
G978,TrainP105_47
G979,TrainP105_48
G980,TrainP105_49
G981,TrainP105_50
G982,TrainP105_51
G983,TrainP105_52
G984,TrainP105_53
G985,TrainP105_54
G986,TrainP105_55
G987,TrainP105_56
G988,TrainP105_57
G989,TrainP105_58
G990,TrainP105_59
G991,TrainP105_60
G992,TrainP105_61
G993,TrainP105_62
G994,TrainP105_63
G995,TrainP105_64
G996,TrainP105_65
G997,TrainP105_66
G998,TrainP105_67
G999,TrainP105_68
G1000,TrainP105_69
G1001,TrainP105_70
G1002,TrainP105_71
G1003,TrainP105_72
G1004,TrainP105_73
G1005,TrainP105_74
G1006,TrainP105_75
G1007,TrainP105_76
G1008,TrainP105_77
G1009,TrainP105_78
G1010,TrainP105_79
G1011,TrainP105_80
G1012,TrainP105_81
G1013,TrainP105_82
G1014,TrainP105_83
G1015,TrainP105_84
G1016,TrainP105_85
G1017,TrainP105_86
G1018,TrainP105_87
G1019,TrainP105_88
G1020,TrainP105_89
G1021,TrainP105_90
G1022,TrainP105_91
G1023,TrainP105_92
G1024,TrainP105_93
G1025,TrainP105_94
G1026,TrainP105_95
G1027,TrainP105_96
G1028,TrainP105_97
G1029,TrainP105_98
G1030,TrainP105_99
G1031,TrainP105_100
G1032,TrainP105_101
G1033,TrainP105_102
G1034,TrainP105_103
G1035,TrainP105_104
G1036,TrainP105_105
G1037,TestP28_1
G1038,TestP28_2
G1039,TestP28_3
G1040,TestP28_4
G1041,TestP28_5
G1042,TestP28_6
G1043,TestP28_7
G1044,TestP28_8
G1045,TestP28_9
G1046,TestP28_10
G1047,TestP28_11
G1048,TestP28_12
G1049,TestP28_13
G1050,TestP28_14
G1051,TestP28_15
G1052,TestP28_16
G1053,TestP28_17
G1054,TestP28_18
G1055,TestP28_19
G1056,TestP28_20
G1057,TestP28_21
G1058,TestP28_22
G1059,TestP28_23
G1060,TestP28_24
G1061,TestP28_25
G1062,TestP28_26
G1063,TestP28_27
G1064,TestP28_28
G1065,TrainP105_1
G1066,TrainP105_2
G1067,TrainP105_3
G1068,TrainP105_4
G1069,TrainP105_5
G1070,TrainP105_6
G1071,TrainP105_7
G1072,TrainP105_8
G1073,TrainP105_9
G1074,TrainP105_10
G1075,TrainP105_11
G1076,TrainP105_12
G1077,TrainP105_13
G1078,TrainP105_14
G1079,TrainP105_15
G1080,TrainP105_16
G1081,TrainP105_17
G1082,TrainP105_18
G1083,TrainP105_19
G1084,TrainP105_20
G1085,TrainP105_21
G1086,TrainP105_22
G1087,TrainP105_23
G1088,TrainP105_24
G1089,TrainP105_25
G1090,TrainP105_26
G1091,TrainP105_27
G1092,TrainP105_28
G1093,TrainP105_29
G1094,TrainP105_30
G1095,TrainP105_31
G1096,TrainP105_32
G1097,TrainP105_33
G1098,TrainP105_34
G1099,TrainP105_35
G1100,TrainP105_36
G1101,TrainP105_37
G1102,TrainP105_38
G1103,TrainP105_39
G1104,TrainP105_40
G1105,TrainP105_41
G1106,TrainP105_42
G1107,TrainP105_43
G1108,TrainP105_44
G1109,TrainP105_45
G1110,TrainP105_46
G1111,TrainP105_47
G1112,TrainP105_48
G1113,TrainP105_49
G1114,TrainP105_50
G1115,TrainP105_51
G1116,TrainP105_52
G1117,TrainP105_53
G1118,TrainP105_54
G1119,TrainP105_55
G1120,TrainP105_56
G1121,TrainP105_57
G1122,TrainP105_58
G1123,TrainP105_59
G1124,TrainP105_60
G1125,TrainP105_61
G1126,TrainP105_62
G1127,TrainP105_63
G1128,TrainP105_64
G1129,TrainP105_65
G1130,TrainP105_66
G1131,TrainP105_67
G1132,TrainP105_68
G1133,TrainP105_69
G1134,TrainP105_70
G1135,TrainP105_71
G1136,TrainP105_72
G1137,TrainP105_73
G1138,TrainP105_74
G1139,TrainP105_75
G1140,TrainP105_76
G1141,TrainP105_77
G1142,TrainP105_78
G1143,TrainP105_79
G1144,TrainP105_80
G1145,TrainP105_81
G1146,TrainP105_82
G1147,TrainP105_83
G1148,TrainP105_84
G1149,TrainP105_85
G1150,TrainP105_86
G1151,TrainP105_87
G1152,TrainP105_88
G1153,TrainP105_89
G1154,TrainP105_90
G1155,TrainP105_91
G1156,TrainP105_92
G1157,TrainP105_93
G1158,TrainP105_94
G1159,TrainP105_95
G1160,TrainP105_96
G1161,TrainP105_97
G1162,TrainP105_98
G1163,TrainP105_99
G1164,TrainP105_100
G1165,TrainP105_101
G1166,TrainP105_102
G1167,TrainP105_103
G1168,TrainP105_104
G1169,TrainP105_105
G1170,TestP28_1
G1171,TestP28_2
G1172,TestP28_3
G1173,TestP28_4
G1174,TestP28_5
G1175,TestP28_6
G1176,TestP28_7
G1177,TestP28_8
G1178,TestP28_9
G1179,TestP28_10
G1180,TestP28_11
G1181,TestP28_12
G1182,TestP28_13
G1183,TestP28_14
G1184,TestP28_15
G1185,TestP28_16
G1186,TestP28_17
G1187,TestP28_18
G1188,TestP28_19
G1189,TestP28_20
G1190,TestP28_21
G1191,TestP28_22
G1192,TestP28_23
G1193,TestP28_24
G1194,TestP28_25
G1195,TestP28_26
G1196,TestP28_27
G1197,TestP28_28
G1198,TrainP105_1
G1199,TrainP105_2
G1200,TrainP105_3
G1201,TrainP105_4
G1202,TrainP105_5
G1203,TrainP105_6
G1204,TrainP105_7
G1205,TrainP105_8
G1206,TrainP105_9
G1207,TrainP105_10
G1208,TrainP105_11
G1209,TrainP105_12
G1210,TrainP105_13
G1211,TrainP105_14
G1212,TrainP105_15
G1213,TrainP105_16
G1214,TrainP105_17
G1215,TrainP105_18
G1216,TrainP105_19
G1217,TrainP105_20
G1218,TrainP105_21
G1219,TrainP105_22
G1220,TrainP105_23
G1221,TrainP105_24
G1222,TrainP105_25
G1223,TrainP105_26
G1224,TrainP105_27
G1225,TrainP105_28
G1226,TrainP105_29
G1227,TrainP105_30
G1228,TrainP105_31
G1229,TrainP105_32
G1230,TrainP105_33
G1231,TrainP105_34
G1232,TrainP105_35
G1233,TrainP105_36
G1234,TrainP105_37
G1235,TrainP105_38
G1236,TrainP105_39
G1237,TrainP105_40
G1238,TrainP105_41
G1239,TrainP105_42
G1240,TrainP105_43
G1241,TrainP105_44
G1242,TrainP105_45
G1243,TrainP105_46
G1244,TrainP105_47
G1245,TrainP105_48
G1246,TrainP105_49
G1247,TrainP105_50
G1248,TrainP105_51
G1249,TrainP105_52
G1250,TrainP105_53
G1251,TrainP105_54
G1252,TrainP105_55
G1253,TrainP105_56
G1254,TrainP105_57
G1255,TrainP105_58
G1256,TrainP105_59
G1257,TrainP105_60
G1258,TrainP105_61
G1259,TrainP105_62
G1260,TrainP105_63
G1261,TrainP105_64
G1262,TrainP105_65
G1263,TrainP105_66
G1264,TrainP105_67
G1265,TrainP105_68
G1266,TrainP105_69
G1267,TrainP105_70
G1268,TrainP105_71
G1269,TrainP105_72
G1270,TrainP105_73
G1271,TrainP105_74
G1272,TrainP105_75
G1273,TrainP105_76
G1274,TrainP105_77
G1275,TrainP105_78
G1276,TrainP105_79
G1277,TrainP105_80
G1278,TrainP105_81
G1279,TrainP105_82
G1280,TrainP105_83
G1281,TrainP105_84
G1282,TrainP105_85
G1283,TrainP105_86
G1284,TrainP105_87
G1285,TrainP105_88
G1286,TrainP105_89
G1287,TrainP105_90
G1288,TrainP105_91
G1289,TrainP105_92
G1290,TrainP105_93
G1291,TrainP105_94
G1292,TrainP105_95
G1293,TrainP105_96
G1294,TrainP105_97
G1295,TrainP105_98
G1296,TrainP105_99
G1297,TrainP105_100
G1298,TrainP105_101
G1299,TrainP105_102
G1300,TrainP105_103
G1301,TrainP105_104
G1302,TrainP105_105
G1303,TestP28_1
G1304,TestP28_2
G1305,TestP28_3
G1306,TestP28_4
G1307,TestP28_5
G1308,TestP28_6
G1309,TestP28_7
G1310,TestP28_8
G1311,TestP28_9
G1312,TestP28_10
G1313,TestP28_11
G1314,TestP28_12
G1315,TestP28_13
G1316,TestP28_14
G1317,TestP28_15
G1318,TestP28_16
G1319,TestP28_17
G1320,TestP28_18
G1321,TestP28_19
G1322,TestP28_20
G1323,TestP28_21
G1324,TestP28_22
G1325,TestP28_23
G1326,TestP28_24
G1327,TestP28_25
G1328,TestP28_26
G1329,TestP28_27
G1330,TestP28_28
G1331,TrainP105_1
G1332,TrainP105_2
G1333,TrainP105_3
G1334,TrainP105_4
G1335,TrainP105_5
G1336,TrainP105_6
G1337,TrainP105_7
G1338,TrainP105_8
G1339,TrainP105_9
G1340,TrainP105_10
G1341,TrainP105_11
G1342,TrainP105_12
G1343,TrainP105_13
G1344,TrainP105_14
G1345,TrainP105_15
G1346,TrainP105_16
G1347,TrainP105_17
G1348,TrainP105_18
G1349,TrainP105_19
G1350,TrainP105_20
G1351,TrainP105_21
G1352,TrainP105_22
G1353,TrainP105_23
G1354,TrainP105_24
G1355,TrainP105_25
G1356,TrainP105_26
G1357,TrainP105_27
G1358,TrainP105_28
G1359,TrainP105_29
G1360,TrainP105_30
G1361,TrainP105_31
G1362,TrainP105_32
G1363,TrainP105_33
G1364,TrainP105_34
G1365,TrainP105_35
G1366,TrainP105_36
G1367,TrainP105_37
G1368,TrainP105_38
G1369,TrainP105_39
G1370,TrainP105_40
G1371,TrainP105_41
G1372,TrainP105_42
G1373,TrainP105_43
G1374,TrainP105_44
G1375,TrainP105_45
G1376,TrainP105_46
G1377,TrainP105_47
G1378,TrainP105_48
G1379,TrainP105_49
G1380,TrainP105_50
G1381,TrainP105_51
G1382,TrainP105_52
G1383,TrainP105_53
G1384,TrainP105_54
G1385,TrainP105_55
G1386,TrainP105_56
G1387,TrainP105_57
G1388,TrainP105_58
G1389,TrainP105_59
G1390,TrainP105_60
G1391,TrainP105_61
G1392,TrainP105_62
G1393,TrainP105_63
G1394,TrainP105_64
G1395,TrainP105_65
G1396,TrainP105_66
G1397,TrainP105_67
G1398,TrainP105_68
G1399,TrainP105_69
G1400,TrainP105_70
G1401,TrainP105_71
G1402,TrainP105_72
G1403,TrainP105_73
G1404,TrainP105_74
G1405,TrainP105_75
G1406,TrainP105_76
G1407,TrainP105_77
G1408,TrainP105_78
G1409,TrainP105_79
G1410,TrainP105_80
G1411,TrainP105_81
G1412,TrainP105_82
G1413,TrainP105_83
G1414,TrainP105_84
G1415,TrainP105_85
G1416,TrainP105_86
G1417,TrainP105_87
G1418,TrainP105_88
G1419,TrainP105_89
G1420,TrainP105_90
G1421,TrainP105_91
G1422,TrainP105_92
G1423,TrainP105_93
G1424,TrainP105_94
G1425,TrainP105_95
G1426,TrainP105_96
G1427,TrainP105_97
G1428,TrainP105_98
G1429,TrainP105_99
G1430,TrainP105_100
G1431,TrainP105_101
G1432,TrainP105_102
G1433,TrainP105_103
G1434,TrainP105_104
G1435,TrainP105_105
G1436,TestP28_1
G1437,TestP28_2
G1438,TestP28_3
G1439,TestP28_4
G1440,TestP28_5
G1441,TestP28_6
G1442,TestP28_7
G1443,TestP28_8
G1444,TestP28_9
G1445,TestP28_10
G1446,TestP28_11
G1447,TestP28_12
G1448,TestP28_13
G1449,TestP28_14
G1450,TestP28_15
G1451,TestP28_16
G1452,TestP28_17
G1453,TestP28_18
G1454,TestP28_19
G1455,TestP28_20
G1456,TestP28_21
G1457,TestP28_22
G1458,TestP28_23
G1459,TestP28_24
G1460,TestP28_25
G1461,TestP28_26
G1462,TestP28_27
G1463,TestP28_28
G1464,TrainP105_1
G1465,TrainP105_2
G1466,TrainP105_3
G1467,TrainP105_4
G1468,TrainP105_5
G1469,TrainP105_6
G1470,TrainP105_7
G1471,TrainP105_8
G1472,TrainP105_9
G1473,TrainP105_10
G1474,TrainP105_11
G1475,TrainP105_12
G1476,TrainP105_13
G1477,TrainP105_14
G1478,TrainP105_15
G1479,TrainP105_16
G1480,TrainP105_17
G1481,TrainP105_18
G1482,TrainP105_19
G1483,TrainP105_20
G1484,TrainP105_21
G1485,TrainP105_22
G1486,TrainP105_23
G1487,TrainP105_24
G1488,TrainP105_25
G1489,TrainP105_26
G1490,TrainP105_27
G1491,TrainP105_28
G1492,TrainP105_29
G1493,TrainP105_30
G1494,TrainP105_31
G1495,TrainP105_32
G1496,TrainP105_33
G1497,TrainP105_34
G1498,TrainP105_35
G1499,TrainP105_36
G1500,TrainP105_37
G1501,TrainP105_38
G1502,TrainP105_39
G1503,TrainP105_40
G1504,TrainP105_41
G1505,TrainP105_42
G1506,TrainP105_43
G1507,TrainP105_44
G1508,TrainP105_45
G1509,TrainP105_46
G1510,TrainP105_47
G1511,TrainP105_48
G1512,TrainP105_49
G1513,TrainP105_50
G1514,TrainP105_51
G1515,TrainP105_52
G1516,TrainP105_53
G1517,TrainP105_54
G1518,TrainP105_55
G1519,TrainP105_56
G1520,TrainP105_57
G1521,TrainP105_58
G1522,TrainP105_59
G1523,TrainP105_60
G1524,TrainP105_61
G1525,TrainP105_62
G1526,TrainP105_63
G1527,TrainP105_64
G1528,TrainP105_65
G1529,TrainP105_66
G1530,TrainP105_67
G1531,TrainP105_68
G1532,TrainP105_69
G1533,TrainP105_70
G1534,TrainP105_71
G1535,TrainP105_72
G1536,TrainP105_73
G1537,TrainP105_74
G1538,TrainP105_75
G1539,TrainP105_76
G1540,TrainP105_77
G1541,TrainP105_78
G1542,TrainP105_79
G1543,TrainP105_80
G1544,TrainP105_81
G1545,TrainP105_82
G1546,TrainP105_83
G1547,TrainP105_84
G1548,TrainP105_85
G1549,TrainP105_86
G1550,TrainP105_87
G1551,TrainP105_88
G1552,TrainP105_89
G1553,TrainP105_90
G1554,TrainP105_91
G1555,TrainP105_92
G1556,TrainP105_93
G1557,TrainP105_94
G1558,TrainP105_95
G1559,TrainP105_96
G1560,TrainP105_97
G1561,TrainP105_98
G1562,TrainP105_99
G1563,TrainP105_100
G1564,TrainP105_101
G1565,TrainP105_102
G1566,TrainP105_103
G1567,TrainP105_104
G1568,TrainP105_105
G1569,TestP28_1
G1570,TestP28_2
G1571,TestP28_3
G1572,TestP28_4
G1573,TestP28_5
G1574,TestP28_6
G1575,TestP28_7
G1576,TestP28_8
G1577,TestP28_9
G1578,TestP28_10
G1579,TestP28_11
G1580,TestP28_12
G1581,TestP28_13
G1582,TestP28_14
G1583,TestP28_15
G1584,TestP28_16
G1585,TestP28_17
G1586,TestP28_18
G1587,TestP28_19
G1588,TestP28_20
G1589,TestP28_21
G1590,TestP28_22
G1591,TestP28_23
G1592,TestP28_24
G1593,TestP28_25
G1594,TestP28_26
G1595,TestP28_27
G1596,TestP28_28
G1597,TrainP105_1
G1598,TrainP105_2
G1599,TrainP105_3
G1600,TrainP105_4
G1601,TrainP105_5
G1602,TrainP105_6
G1603,TrainP105_7
G1604,TrainP105_8
G1605,TrainP105_9
G1606,TrainP105_10
G1607,TrainP105_11
G1608,TrainP105_12
G1609,TrainP105_13
G1610,TrainP105_14
G1611,TrainP105_15
G1612,TrainP105_16
G1613,TrainP105_17
G1614,TrainP105_18
G1615,TrainP105_19
G1616,TrainP105_20
G1617,TrainP105_21
G1618,TrainP105_22
G1619,TrainP105_23
G1620,TrainP105_24
G1621,TrainP105_25
G1622,TrainP105_26
G1623,TrainP105_27
G1624,TrainP105_28
G1625,TrainP105_29
G1626,TrainP105_30
G1627,TrainP105_31
G1628,TrainP105_32
G1629,TrainP105_33
G1630,TrainP105_34
G1631,TrainP105_35
G1632,TrainP105_36
G1633,TrainP105_37
G1634,TrainP105_38
G1635,TrainP105_39
G1636,TrainP105_40
G1637,TrainP105_41
G1638,TrainP105_42
G1639,TrainP105_43
G1640,TrainP105_44
G1641,TrainP105_45
G1642,TrainP105_46
G1643,TrainP105_47
G1644,TrainP105_48
G1645,TrainP105_49
G1646,TrainP105_50
G1647,TrainP105_51
G1648,TrainP105_52
G1649,TrainP105_53
G1650,TrainP105_54
G1651,TrainP105_55
G1652,TrainP105_56
G1653,TrainP105_57
G1654,TrainP105_58
G1655,TrainP105_59
G1656,TrainP105_60
G1657,TrainP105_61
G1658,TrainP105_62
G1659,TrainP105_63
G1660,TrainP105_64
G1661,TrainP105_65
G1662,TrainP105_66
G1663,TrainP105_67
G1664,TrainP105_68
G1665,TrainP105_69
G1666,TrainP105_70
G1667,TrainP105_71
G1668,TrainP105_72
G1669,TrainP105_73
G1670,TrainP105_74
G1671,TrainP105_75
G1672,TrainP105_76
G1673,TrainP105_77
G1674,TrainP105_78
G1675,TrainP105_79
G1676,TrainP105_80
G1677,TrainP105_81
G1678,TrainP105_82
G1679,TrainP105_83
G1680,TrainP105_84
G1681,TrainP105_85
G1682,TrainP105_86
G1683,TrainP105_87
G1684,TrainP105_88
G1685,TrainP105_89
G1686,TrainP105_90
G1687,TrainP105_91
G1688,TrainP105_92
G1689,TrainP105_93
G1690,TrainP105_94
G1691,TrainP105_95
G1692,TrainP105_96
G1693,TrainP105_97
G1694,TrainP105_98
G1695,TrainP105_99
G1696,TrainP105_100
G1697,TrainP105_101
G1698,TrainP105_102
G1699,TrainP105_103
G1700,TrainP105_104
G1701,TrainP105_105
G1702,TestP28_1
G1703,TestP28_2
G1704,TestP28_3
G1705,TestP28_4
G1706,TestP28_5
G1707,TestP28_6
G1708,TestP28_7
G1709,TestP28_8
G1710,TestP28_9
G1711,TestP28_10
G1712,TestP28_11
G1713,TestP28_12
G1714,TestP28_13
G1715,TestP28_14
G1716,TestP28_15
G1717,TestP28_16
G1718,TestP28_17
G1719,TestP28_18
G1720,TestP28_19
G1721,TestP28_20
G1722,TestP28_21
G1723,TestP28_22
G1724,TestP28_23
G1725,TestP28_24
G1726,TestP28_25
G1727,TestP28_26
G1728,TestP28_27
G1729,TestP28_28
G1730,TrainP105_1
G1731,TrainP105_2
G1732,TrainP105_3
G1733,TrainP105_4
G1734,TrainP105_5
G1735,TrainP105_6
G1736,TrainP105_7
G1737,TrainP105_8
G1738,TrainP105_9
G1739,TrainP105_10
G1740,TrainP105_11
G1741,TrainP105_12
G1742,TrainP105_13
G1743,TrainP105_14
G1744,TrainP105_15
G1745,TrainP105_16
G1746,TrainP105_17
G1747,TrainP105_18
G1748,TrainP105_19
G1749,TrainP105_20
G1750,TrainP105_21
G1751,TrainP105_22
G1752,TrainP105_23
G1753,TrainP105_24
G1754,TrainP105_25
G1755,TrainP105_26
G1756,TrainP105_27
G1757,TrainP105_28
G1758,TrainP105_29
G1759,TrainP105_30
G1760,TrainP105_31
G1761,TrainP105_32
G1762,TrainP105_33
G1763,TrainP105_34
G1764,TrainP105_35
G1765,TrainP105_36
G1766,TrainP105_37
G1767,TrainP105_38
G1768,TrainP105_39
G1769,TrainP105_40
G1770,TrainP105_41
G1771,TrainP105_42
G1772,TrainP105_43
G1773,TrainP105_44
G1774,TrainP105_45
G1775,TrainP105_46
G1776,TrainP105_47
G1777,TrainP105_48
G1778,TrainP105_49
G1779,TrainP105_50
G1780,TrainP105_51
G1781,TrainP105_52
G1782,TrainP105_53
G1783,TrainP105_54
G1784,TrainP105_55
G1785,TrainP105_56
G1786,TrainP105_57
G1787,TrainP105_58
G1788,TrainP105_59
G1789,TrainP105_60
G1790,TrainP105_61
G1791,TrainP105_62
G1792,TrainP105_63
G1793,TrainP105_64
G1794,TrainP105_65
G1795,TrainP105_66
G1796,TrainP105_67
G1797,TrainP105_68
G1798,TrainP105_69
G1799,TrainP105_70
G1800,TrainP105_71
G1801,TrainP105_72
G1802,TrainP105_73
G1803,TrainP105_74
G1804,TrainP105_75
G1805,TrainP105_76
G1806,TrainP105_77
G1807,TrainP105_78
G1808,TrainP105_79
G1809,TrainP105_80
G1810,TrainP105_81
G1811,TrainP105_82
G1812,TrainP105_83
G1813,TrainP105_84
G1814,TrainP105_85
G1815,TrainP105_86
G1816,TrainP105_87
G1817,TrainP105_88
G1818,TrainP105_89
G1819,TrainP105_90
G1820,TrainP105_91
G1821,TrainP105_92
G1822,TrainP105_93
G1823,TrainP105_94
G1824,TrainP105_95
G1825,TrainP105_96
G1826,TrainP105_97
G1827,TrainP105_98
G1828,TrainP105_99
G1829,TrainP105_100
G1830,TrainP105_101
G1831,TrainP105_102
G1832,TrainP105_103
G1833,TrainP105_104
G1834,TrainP105_105
G1835,TestP28_1
G1836,TestP28_2
G1837,TestP28_3
G1838,TestP28_4
G1839,TestP28_5
G1840,TestP28_6
G1841,TestP28_7
G1842,TestP28_8
G1843,TestP28_9
G1844,TestP28_10
G1845,TestP28_11
G1846,TestP28_12
G1847,TestP28_13
G1848,TestP28_14
G1849,TestP28_15
G1850,TestP28_16
G1851,TestP28_17
G1852,TestP28_18
G1853,TestP28_19
G1854,TestP28_20
G1855,TestP28_21
G1856,TestP28_22
G1857,TestP28_23
G1858,TestP28_24
G1859,TestP28_25
G1860,TestP28_26
G1861,TestP28_27
G1862,TestP28_28
G1863,TrainP105_1
G1864,TrainP105_2
G1865,TrainP105_3
G1866,TrainP105_4
G1867,TrainP105_5
G1868,TrainP105_6
G1869,TrainP105_7
G1870,TrainP105_8
G1871,TrainP105_9
G1872,TrainP105_10
G1873,TrainP105_11
G1874,TrainP105_12
G1875,TrainP105_13
G1876,TrainP105_14
G1877,TrainP105_15
G1878,TrainP105_16
G1879,TrainP105_17
G1880,TrainP105_18
G1881,TrainP105_19
G1882,TrainP105_20
G1883,TrainP105_21
G1884,TrainP105_22
G1885,TrainP105_23
G1886,TrainP105_24
G1887,TrainP105_25
G1888,TrainP105_26
G1889,TrainP105_27
G1890,TrainP105_28
G1891,TrainP105_29
G1892,TrainP105_30
G1893,TrainP105_31
G1894,TrainP105_32
G1895,TrainP105_33
G1896,TrainP105_34
G1897,TrainP105_35
G1898,TrainP105_36
G1899,TrainP105_37
G1900,TrainP105_38
G1901,TrainP105_39
G1902,TrainP105_40
G1903,TrainP105_41
G1904,TrainP105_42
G1905,TrainP105_43
G1906,TrainP105_44
G1907,TrainP105_45
G1908,TrainP105_46
G1909,TrainP105_47
G1910,TrainP105_48
G1911,TrainP105_49
G1912,TrainP105_50
G1913,TrainP105_51
G1914,TrainP105_52
G1915,TrainP105_53
G1916,TrainP105_54
G1917,TrainP105_55
G1918,TrainP105_56
G1919,TrainP105_57
G1920,TrainP105_58
G1921,TrainP105_59
G1922,TrainP105_60
G1923,TrainP105_61
G1924,TrainP105_62
G1925,TrainP105_63
G1926,TrainP105_64
G1927,TrainP105_65
G1928,TrainP105_66
G1929,TrainP105_67
G1930,TrainP105_68
G1931,TrainP105_69
G1932,TrainP105_70
G1933,TrainP105_71
G1934,TrainP105_72
G1935,TrainP105_73
G1936,TrainP105_74
G1937,TrainP105_75
G1938,TrainP105_76
G1939,TrainP105_77
G1940,TrainP105_78
G1941,TrainP105_79
G1942,TrainP105_80
G1943,TrainP105_81
G1944,TrainP105_82
G1945,TrainP105_83
G1946,TrainP105_84
G1947,TrainP105_85
G1948,TrainP105_86
G1949,TrainP105_87
G1950,TrainP105_88
G1951,TrainP105_89
G1952,TrainP105_90
G1953,TrainP105_91
G1954,TrainP105_92
G1955,TrainP105_93
G1956,TrainP105_94
G1957,TrainP105_95
G1958,TrainP105_96
G1959,TrainP105_97
G1960,TrainP105_98
G1961,TrainP105_99
G1962,TrainP105_100
G1963,TrainP105_101
G1964,TrainP105_102
G1965,TrainP105_103
G1966,TrainP105_104
G1967,TrainP105_105
G1968,TestP28_1
G1969,TestP28_2
G1970,TestP28_3
G1971,TestP28_4
G1972,TestP28_5
G1973,TestP28_6
G1974,TestP28_7
G1975,TestP28_8
G1976,TestP28_9
G1977,TestP28_10
G1978,TestP28_11
G1979,TestP28_12
G1980,TestP28_13
G1981,TestP28_14
G1982,TestP28_15
G1983,TestP28_16
G1984,TestP28_17
G1985,TestP28_18
G1986,TestP28_19
G1987,TestP28_20
G1988,TestP28_21
G1989,TestP28_22
G1990,TestP28_23
G1991,TestP28_24
G1992,TestP28_25
G1993,TestP28_26
G1994,TestP28_27
G1995,TestP28_28
G1996,TrainP105_1
G1997,TrainP105_2
G1998,TrainP105_3
G1999,TrainP105_4
G2000,TrainP105_5
G2001,TrainP105_6
G2002,TrainP105_7
G2003,TrainP105_8
G2004,TrainP105_9
G2005,TrainP105_10
G2006,TrainP105_11
G2007,TrainP105_12
G2008,TrainP105_13
G2009,TrainP105_14
G2010,TrainP105_15
G2011,TrainP105_16
G2012,TrainP105_17
G2013,TrainP105_18
G2014,TrainP105_19
G2015,TrainP105_20
G2016,TrainP105_21
G2017,TrainP105_22
G2018,TrainP105_23
G2019,TrainP105_24
G2020,TrainP105_25
G2021,TrainP105_26
G2022,TrainP105_27
G2023,TrainP105_28
G2024,TrainP105_29
G2025,TrainP105_30
G2026,TrainP105_31
G2027,TrainP105_32
G2028,TrainP105_33
G2029,TrainP105_34
G2030,TrainP105_35
G2031,TrainP105_36
G2032,TrainP105_37
G2033,TrainP105_38
G2034,TrainP105_39
G2035,TrainP105_40
G2036,TrainP105_41
G2037,TrainP105_42
G2038,TrainP105_43
G2039,TrainP105_44
G2040,TrainP105_45
G2041,TrainP105_46
G2042,TrainP105_47
G2043,TrainP105_48
G2044,TrainP105_49
G2045,TrainP105_50
G2046,TrainP105_51
G2047,TrainP105_52
G2048,TrainP105_53
G2049,TrainP105_54
G2050,TrainP105_55
G2051,TrainP105_56
G2052,TrainP105_57
G2053,TrainP105_58
G2054,TrainP105_59
G2055,TrainP105_60
G2056,TrainP105_61
G2057,TrainP105_62
G2058,TrainP105_63
G2059,TrainP105_64
G2060,TrainP105_65
G2061,TrainP105_66
G2062,TrainP105_67
G2063,TrainP105_68
G2064,TrainP105_69
G2065,TrainP105_70
G2066,TrainP105_71
G2067,TrainP105_72
G2068,TrainP105_73
G2069,TrainP105_74
G2070,TrainP105_75
G2071,TrainP105_76
G2072,TrainP105_77
G2073,TrainP105_78
G2074,TrainP105_79
G2075,TrainP105_80
G2076,TrainP105_81
G2077,TrainP105_82
G2078,TrainP105_83
G2079,TrainP105_84
G2080,TrainP105_85
G2081,TrainP105_86
G2082,TrainP105_87
G2083,TrainP105_88
G2084,TrainP105_89
G2085,TrainP105_90
G2086,TrainP105_91
G2087,TrainP105_92
G2088,TrainP105_93
G2089,TrainP105_94
G2090,TrainP105_95
G2091,TrainP105_96
G2092,TrainP105_97
G2093,TrainP105_98
G2094,TrainP105_99
G2095,TrainP105_100
G2096,TrainP105_101
G2097,TrainP105_102
G2098,TrainP105_103
G2099,TrainP105_104
G2100,TrainP105_105
G2101,TestP28_1
G2102,TestP28_2
G2103,TestP28_3
G2104,TestP28_4
G2105,TestP28_5
G2106,TestP28_6
G2107,TestP28_7
G2108,TestP28_8
G2109,TestP28_9
G2110,TestP28_10
G2111,TestP28_11
G2112,TestP28_12
G2113,TestP28_13
G2114,TestP28_14
G2115,TestP28_15
G2116,TestP28_16
G2117,TestP28_17
G2118,TestP28_18
G2119,TestP28_19
G2120,TestP28_20
G2121,TestP28_21
G2122,TestP28_22
G2123,TestP28_23
G2124,TestP28_24
G2125,TestP28_25
G2126,TestP28_26
G2127,TestP28_27
G2128,TestP28_28
G2129,TrainP105_1
G2130,TrainP105_2
G2131,TrainP105_3
G2132,TrainP105_4
G2133,TrainP105_5
G2134,TrainP105_6
G2135,TrainP105_7
G2136,TrainP105_8
G2137,TrainP105_9
G2138,TrainP105_10
G2139,TrainP105_11
G2140,TrainP105_12
G2141,TrainP105_13
G2142,TrainP105_14
G2143,TrainP105_15
G2144,TrainP105_16
G2145,TrainP105_17
G2146,TrainP105_18
G2147,TrainP105_19
G2148,TrainP105_20
G2149,TrainP105_21
G2150,TrainP105_22
G2151,TrainP105_23
G2152,TrainP105_24
G2153,TrainP105_25
G2154,TrainP105_26
G2155,TrainP105_27
G2156,TrainP105_28
G2157,TrainP105_29
G2158,TrainP105_30
G2159,TrainP105_31
G2160,TrainP105_32
G2161,TrainP105_33
G2162,TrainP105_34
G2163,TrainP105_35
G2164,TrainP105_36
G2165,TrainP105_37
G2166,TrainP105_38
G2167,TrainP105_39
G2168,TrainP105_40
G2169,TrainP105_41
G2170,TrainP105_42
G2171,TrainP105_43
G2172,TrainP105_44
G2173,TrainP105_45
G2174,TrainP105_46
G2175,TrainP105_47
G2176,TrainP105_48
G2177,TrainP105_49
G2178,TrainP105_50
G2179,TrainP105_51
G2180,TrainP105_52
G2181,TrainP105_53
G2182,TrainP105_54
G2183,TrainP105_55
G2184,TrainP105_56
G2185,TrainP105_57
G2186,TrainP105_58
G2187,TrainP105_59
G2188,TrainP105_60
G2189,TrainP105_61
G2190,TrainP105_62
G2191,TrainP105_63
G2192,TrainP105_64
G2193,TrainP105_65
G2194,TrainP105_66
G2195,TrainP105_67
G2196,TrainP105_68
G2197,TrainP105_69
G2198,TrainP105_70
G2199,TrainP105_71
G2200,TrainP105_72
G2201,TrainP105_73
G2202,TrainP105_74
G2203,TrainP105_75
G2204,TrainP105_76
G2205,TrainP105_77
G2206,TrainP105_78
G2207,TrainP105_79
G2208,TrainP105_80
G2209,TrainP105_81
G2210,TrainP105_82
G2211,TrainP105_83
G2212,TrainP105_84
G2213,TrainP105_85
G2214,TrainP105_86
G2215,TrainP105_87
G2216,TrainP105_88
G2217,TrainP105_89
G2218,TrainP105_90
G2219,TrainP105_91
G2220,TrainP105_92
G2221,TrainP105_93
G2222,TrainP105_94
G2223,TrainP105_95
G2224,TrainP105_96
G2225,TrainP105_97
G2226,TrainP105_98
G2227,TrainP105_99
G2228,TrainP105_100
G2229,TrainP105_101
G2230,TrainP105_102
G2231,TrainP105_103
G2232,TrainP105_104
G2233,TrainP105_105
G2234,TestP28_1
G2235,TestP28_2
G2236,TestP28_3
G2237,TestP28_4
G2238,TestP28_5
G2239,TestP28_6
G2240,TestP28_7
G2241,TestP28_8
G2242,TestP28_9
G2243,TestP28_10
G2244,TestP28_11
G2245,TestP28_12
G2246,TestP28_13
G2247,TestP28_14
G2248,TestP28_15
G2249,TestP28_16
G2250,TestP28_17
G2251,TestP28_18
G2252,TestP28_19
G2253,TestP28_20
G2254,TestP28_21
G2255,TestP28_22
G2256,TestP28_23
G2257,TestP28_24
G2258,TestP28_25
G2259,TestP28_26
G2260,TestP28_27
G2261,TestP28_28
G2262,TrainP105_1
G2263,TrainP105_2
G2264,TrainP105_3
G2265,TrainP105_4
G2266,TrainP105_5
G2267,TrainP105_6
G2268,TrainP105_7
G2269,TrainP105_8
G2270,TrainP105_9
G2271,TrainP105_10
G2272,TrainP105_11
G2273,TrainP105_12
G2274,TrainP105_13
G2275,TrainP105_14
G2276,TrainP105_15
G2277,TrainP105_16
G2278,TrainP105_17
G2279,TrainP105_18
G2280,TrainP105_19
G2281,TrainP105_20
G2282,TrainP105_21
G2283,TrainP105_22
G2284,TrainP105_23
G2285,TrainP105_24
G2286,TrainP105_25
G2287,TrainP105_26
G2288,TrainP105_27
G2289,TrainP105_28
G2290,TrainP105_29
G2291,TrainP105_30
G2292,TrainP105_31
G2293,TrainP105_32
G2294,TrainP105_33
G2295,TrainP105_34
G2296,TrainP105_35
G2297,TrainP105_36
G2298,TrainP105_37
G2299,TrainP105_38
G2300,TrainP105_39
G2301,TrainP105_40
G2302,TrainP105_41
G2303,TrainP105_42
G2304,TrainP105_43
G2305,TrainP105_44
G2306,TrainP105_45
G2307,TrainP105_46
G2308,TrainP105_47
G2309,TrainP105_48
G2310,TrainP105_49
G2311,TrainP105_50
G2312,TrainP105_51
G2313,TrainP105_52
G2314,TrainP105_53
G2315,TrainP105_54
G2316,TrainP105_55
G2317,TrainP105_56
G2318,TrainP105_57
G2319,TrainP105_58
G2320,TrainP105_59
G2321,TrainP105_60
G2322,TrainP105_61
G2323,TrainP105_62
G2324,TrainP105_63
G2325,TrainP105_64
G2326,TrainP105_65
G2327,TrainP105_66
G2328,TrainP105_67
G2329,TrainP105_68
G2330,TrainP105_69
G2331,TrainP105_70
G2332,TrainP105_71
G2333,TrainP105_72
G2334,TrainP105_73
G2335,TrainP105_74
G2336,TrainP105_75
G2337,TrainP105_76
G2338,TrainP105_77
G2339,TrainP105_78
G2340,TrainP105_79
G2341,TrainP105_80
G2342,TrainP105_81
G2343,TrainP105_82
G2344,TrainP105_83
G2345,TrainP105_84
G2346,TrainP105_85
G2347,TrainP105_86
G2348,TrainP105_87
G2349,TrainP105_88
G2350,TrainP105_89
G2351,TrainP105_90
G2352,TrainP105_91
G2353,TrainP105_92
G2354,TrainP105_93
G2355,TrainP105_94
G2356,TrainP105_95
G2357,TrainP105_96
G2358,TrainP105_97
G2359,TrainP105_98
G2360,TrainP105_99
G2361,TrainP105_100
G2362,TrainP105_101
G2363,TrainP105_102
G2364,TrainP105_103
G2365,TrainP105_104
G2366,TrainP105_105
G2367,TestP28_1
G2368,TestP28_2
G2369,TestP28_3
G2370,TestP28_4
G2371,TestP28_5
G2372,TestP28_6
G2373,TestP28_7
G2374,TestP28_8
G2375,TestP28_9
G2376,TestP28_10
G2377,TestP28_11
G2378,TestP28_12
G2379,TestP28_13
G2380,TestP28_14
G2381,TestP28_15
G2382,TestP28_16
G2383,TestP28_17
G2384,TestP28_18
G2385,TestP28_19
G2386,TestP28_20
G2387,TestP28_21
G2388,TestP28_22
G2389,TestP28_23
G2390,TestP28_24
G2391,TestP28_25
G2392,TestP28_26
G2393,TestP28_27
G2394,TestP28_28
G2395,TrainP105_1
G2396,TrainP105_2
G2397,TrainP105_3
G2398,TrainP105_4
G2399,TrainP105_5
G2400,TrainP105_6
G2401,TrainP105_7
G2402,TrainP105_8
G2403,TrainP105_9
G2404,TrainP105_10
G2405,TrainP105_11
G2406,TrainP105_12
G2407,TrainP105_13
G2408,TrainP105_14
G2409,TrainP105_15
G2410,TrainP105_16
G2411,TrainP105_17
G2412,TrainP105_18
G2413,TrainP105_19
G2414,TrainP105_20
G2415,TrainP105_21
G2416,TrainP105_22
G2417,TrainP105_23
G2418,TrainP105_24
G2419,TrainP105_25
G2420,TrainP105_26
G2421,TrainP105_27
G2422,TrainP105_28
G2423,TrainP105_29
G2424,TrainP105_30
G2425,TrainP105_31
G2426,TrainP105_32
G2427,TrainP105_33
G2428,TrainP105_34
G2429,TrainP105_35
G2430,TrainP105_36
G2431,TrainP105_37
G2432,TrainP105_38
G2433,TrainP105_39
G2434,TrainP105_40
G2435,TrainP105_41
G2436,TrainP105_42
G2437,TrainP105_43
G2438,TrainP105_44
G2439,TrainP105_45
G2440,TrainP105_46
G2441,TrainP105_47
G2442,TrainP105_48
G2443,TrainP105_49
G2444,TrainP105_50
G2445,TrainP105_51
G2446,TrainP105_52
G2447,TrainP105_53
G2448,TrainP105_54
G2449,TrainP105_55
G2450,TrainP105_56
G2451,TrainP105_57
G2452,TrainP105_58
G2453,TrainP105_59
G2454,TrainP105_60
G2455,TrainP105_61
G2456,TrainP105_62
G2457,TrainP105_63
G2458,TrainP105_64
G2459,TrainP105_65
G2460,TrainP105_66
G2461,TrainP105_67
G2462,TrainP105_68
G2463,TrainP105_69
G2464,TrainP105_70
G2465,TrainP105_71
G2466,TrainP105_72
G2467,TrainP105_73
G2468,TrainP105_74
G2469,TrainP105_75
G2470,TrainP105_76
G2471,TrainP105_77
G2472,TrainP105_78
G2473,TrainP105_79
G2474,TrainP105_80
G2475,TrainP105_81
G2476,TrainP105_82
G2477,TrainP105_83
G2478,TrainP105_84
G2479,TrainP105_85
G2480,TrainP105_86
G2481,TrainP105_87
G2482,TrainP105_88
G2483,TrainP105_89
G2484,TrainP105_90
G2485,TrainP105_91
G2486,TrainP105_92
G2487,TrainP105_93
G2488,TrainP105_94
G2489,TrainP105_95
G2490,TrainP105_96
G2491,TrainP105_97
G2492,TrainP105_98
G2493,TrainP105_99
G2494,TrainP105_100
G2495,TrainP105_101
G2496,TrainP105_102
G2497,TrainP105_103
G2498,TrainP105_104
G2499,TrainP105_105
G2500,TestP28_1
G2501,TestP28_2
G2502,TestP28_3
G2503,TestP28_4
G2504,TestP28_5
G2505,TestP28_6
G2506,TestP28_7
G2507,TestP28_8
G2508,TestP28_9
G2509,TestP28_10
G2510,TestP28_11
G2511,TestP28_12
G2512,TestP28_13
G2513,TestP28_14
G2514,TestP28_15
G2515,TestP28_16
G2516,TestP28_17
G2517,TestP28_18
G2518,TestP28_19
G2519,TestP28_20
G2520,TestP28_21
G2521,TestP28_22
G2522,TestP28_23
G2523,TestP28_24
G2524,TestP28_25
G2525,TestP28_26
G2526,TestP28_27
G2527,TestP28_28
G2528,TrainP105_1
G2529,TrainP105_2
G2530,TrainP105_3
G2531,TrainP105_4
G2532,TrainP105_5
G2533,TrainP105_6
G2534,TrainP105_7
G2535,TrainP105_8
G2536,TrainP105_9
G2537,TrainP105_10
G2538,TrainP105_11
G2539,TrainP105_12
G2540,TrainP105_13
G2541,TrainP105_14
G2542,TrainP105_15
G2543,TrainP105_16
G2544,TrainP105_17
G2545,TrainP105_18
G2546,TrainP105_19
G2547,TrainP105_20
G2548,TrainP105_21
G2549,TrainP105_22
G2550,TrainP105_23
G2551,TrainP105_24
G2552,TrainP105_25
G2553,TrainP105_26
G2554,TrainP105_27
G2555,TrainP105_28
G2556,TrainP105_29
G2557,TrainP105_30
G2558,TrainP105_31
G2559,TrainP105_32
G2560,TrainP105_33
G2561,TrainP105_34
G2562,TrainP105_35
G2563,TrainP105_36
G2564,TrainP105_37
G2565,TrainP105_38
G2566,TrainP105_39
G2567,TrainP105_40
G2568,TrainP105_41
G2569,TrainP105_42
G2570,TrainP105_43
G2571,TrainP105_44
G2572,TrainP105_45
G2573,TrainP105_46
G2574,TrainP105_47
G2575,TrainP105_48
G2576,TrainP105_49
G2577,TrainP105_50
G2578,TrainP105_51
G2579,TrainP105_52
G2580,TrainP105_53
G2581,TrainP105_54
G2582,TrainP105_55
G2583,TrainP105_56
G2584,TrainP105_57
G2585,TrainP105_58
G2586,TrainP105_59
G2587,TrainP105_60
G2588,TrainP105_61
G2589,TrainP105_62
G2590,TrainP105_63
G2591,TrainP105_64
G2592,TrainP105_65
G2593,TrainP105_66
G2594,TrainP105_67
G2595,TrainP105_68
G2596,TrainP105_69
G2597,TrainP105_70
G2598,TrainP105_71
G2599,TrainP105_72
G2600,TrainP105_73
G2601,TrainP105_74
G2602,TrainP105_75
G2603,TrainP105_76
G2604,TrainP105_77
G2605,TrainP105_78
G2606,TrainP105_79
G2607,TrainP105_80
G2608,TrainP105_81
G2609,TrainP105_82
G2610,TrainP105_83
G2611,TrainP105_84
G2612,TrainP105_85
G2613,TrainP105_86
G2614,TrainP105_87
G2615,TrainP105_88
G2616,TrainP105_89
G2617,TrainP105_90
G2618,TrainP105_91
G2619,TrainP105_92
G2620,TrainP105_93
G2621,TrainP105_94
G2622,TrainP105_95
G2623,TrainP105_96
G2624,TrainP105_97
G2625,TrainP105_98
G2626,TrainP105_99
G2627,TrainP105_100
G2628,TrainP105_101
G2629,TrainP105_102
G2630,TrainP105_103
G2631,TrainP105_104
G2632,TrainP105_105
G2633,TestP28_1
G2634,TestP28_2
G2635,TestP28_3
G2636,TestP28_4
G2637,TestP28_5
G2638,TestP28_6
G2639,TestP28_7
G2640,TestP28_8
G2641,TestP28_9
G2642,TestP28_10
G2643,TestP28_11
G2644,TestP28_12
G2645,TestP28_13
G2646,TestP28_14
G2647,TestP28_15
G2648,TestP28_16
G2649,TestP28_17
G2650,TestP28_18
G2651,TestP28_19
G2652,TestP28_20
G2653,TestP28_21
G2654,TestP28_22
G2655,TestP28_23
G2656,TestP28_24
G2657,TestP28_25
G2658,TestP28_26
G2659,TestP28_27
G2660,TestP28_28
G2661,TrainP105_1
G2662,TrainP105_2
G2663,TrainP105_3
G2664,TrainP105_4
G2665,TrainP105_5
G2666,TrainP105_6
G2667,TrainP105_7
G2668,TrainP105_8
G2669,TrainP105_9
G2670,TrainP105_10
G2671,TrainP105_11
G2672,TrainP105_12
G2673,TrainP105_13
G2674,TrainP105_14
G2675,TrainP105_15
G2676,TrainP105_16
G2677,TrainP105_17
G2678,TrainP105_18
G2679,TrainP105_19
G2680,TrainP105_20
G2681,TrainP105_21
G2682,TrainP105_22
G2683,TrainP105_23
G2684,TrainP105_24
G2685,TrainP105_25
G2686,TrainP105_26
G2687,TrainP105_27
G2688,TrainP105_28
G2689,TrainP105_29
G2690,TrainP105_30
G2691,TrainP105_31
G2692,TrainP105_32
G2693,TrainP105_33
G2694,TrainP105_34
G2695,TrainP105_35
G2696,TrainP105_36
G2697,TrainP105_37
G2698,TrainP105_38
G2699,TrainP105_39
G2700,TrainP105_40
G2701,TrainP105_41
G2702,TrainP105_42
G2703,TrainP105_43
G2704,TrainP105_44
G2705,TrainP105_45
G2706,TrainP105_46
G2707,TrainP105_47
G2708,TrainP105_48
G2709,TrainP105_49
G2710,TrainP105_50
G2711,TrainP105_51
G2712,TrainP105_52
G2713,TrainP105_53
G2714,TrainP105_54
G2715,TrainP105_55
G2716,TrainP105_56
G2717,TrainP105_57
G2718,TrainP105_58
G2719,TrainP105_59
G2720,TrainP105_60
G2721,TrainP105_61
G2722,TrainP105_62
G2723,TrainP105_63
G2724,TrainP105_64
G2725,TrainP105_65
G2726,TrainP105_66
G2727,TrainP105_67
G2728,TrainP105_68
G2729,TrainP105_69
G2730,TrainP105_70
G2731,TrainP105_71
G2732,TrainP105_72
G2733,TrainP105_73
G2734,TrainP105_74
G2735,TrainP105_75
G2736,TrainP105_76
G2737,TrainP105_77
G2738,TrainP105_78
G2739,TrainP105_79
G2740,TrainP105_80
G2741,TrainP105_81
G2742,TrainP105_82
G2743,TrainP105_83
G2744,TrainP105_84
G2745,TrainP105_85
G2746,TrainP105_86
G2747,TrainP105_87
G2748,TrainP105_88
G2749,TrainP105_89
G2750,TrainP105_90
G2751,TrainP105_91
G2752,TrainP105_92
G2753,TrainP105_93
G2754,TrainP105_94
G2755,TrainP105_95
G2756,TrainP105_96
G2757,TrainP105_97
G2758,TrainP105_98
G2759,TrainP105_99
G2760,TrainP105_100
G2761,TrainP105_101
G2762,TrainP105_102
G2763,TrainP105_103
G2764,TrainP105_104
G2765,TrainP105_105
G2766,TestP28_1
G2767,TestP28_2
G2768,TestP28_3
G2769,TestP28_4
G2770,TestP28_5
G2771,TestP28_6
G2772,TestP28_7
G2773,TestP28_8
G2774,TestP28_9
G2775,TestP28_10
G2776,TestP28_11
G2777,TestP28_12
G2778,TestP28_13
G2779,TestP28_14
G2780,TestP28_15
G2781,TestP28_16
G2782,TestP28_17
G2783,TestP28_18
G2784,TestP28_19
G2785,TestP28_20
G2786,TestP28_21
G2787,TestP28_22
G2788,TestP28_23
G2789,TestP28_24
G2790,TestP28_25
G2791,TestP28_26
G2792,TestP28_27
G2793,TestP28_28
G2794,TrainP105_1
G2795,TrainP105_2
G2796,TrainP105_3
G2797,TrainP105_4
G2798,TrainP105_5
G2799,TrainP105_6
G2800,TrainP105_7
G2801,TrainP105_8
G2802,TrainP105_9
G2803,TrainP105_10
G2804,TrainP105_11
G2805,TrainP105_12
G2806,TrainP105_13
G2807,TrainP105_14
G2808,TrainP105_15
G2809,TrainP105_16
G2810,TrainP105_17
G2811,TrainP105_18
G2812,TrainP105_19
G2813,TrainP105_20
G2814,TrainP105_21
G2815,TrainP105_22
G2816,TrainP105_23
G2817,TrainP105_24
G2818,TrainP105_25
G2819,TrainP105_26
G2820,TrainP105_27
G2821,TrainP105_28
G2822,TrainP105_29
G2823,TrainP105_30
G2824,TrainP105_31
G2825,TrainP105_32
G2826,TrainP105_33
G2827,TrainP105_34
G2828,TrainP105_35
G2829,TrainP105_36
G2830,TrainP105_37
G2831,TrainP105_38
G2832,TrainP105_39
G2833,TrainP105_40
G2834,TrainP105_41
G2835,TrainP105_42
G2836,TrainP105_43
G2837,TrainP105_44
G2838,TrainP105_45
G2839,TrainP105_46
G2840,TrainP105_47
G2841,TrainP105_48
G2842,TrainP105_49
G2843,TrainP105_50
G2844,TrainP105_51
G2845,TrainP105_52
G2846,TrainP105_53
G2847,TrainP105_54
G2848,TrainP105_55
G2849,TrainP105_56
G2850,TrainP105_57
G2851,TrainP105_58
G2852,TrainP105_59
G2853,TrainP105_60
G2854,TrainP105_61
G2855,TrainP105_62
G2856,TrainP105_63
G2857,TrainP105_64
G2858,TrainP105_65
G2859,TrainP105_66
G2860,TrainP105_67
G2861,TrainP105_68
G2862,TrainP105_69
G2863,TrainP105_70
G2864,TrainP105_71
G2865,TrainP105_72
G2866,TrainP105_73
G2867,TrainP105_74
G2868,TrainP105_75
G2869,TrainP105_76
G2870,TrainP105_77
G2871,TrainP105_78
G2872,TrainP105_79
G2873,TrainP105_80
G2874,TrainP105_81
G2875,TrainP105_82
G2876,TrainP105_83
G2877,TrainP105_84
G2878,TrainP105_85
G2879,TrainP105_86
G2880,TrainP105_87
G2881,TrainP105_88
G2882,TrainP105_89
G2883,TrainP105_90
G2884,TrainP105_91
G2885,TrainP105_92
G2886,TrainP105_93
G2887,TrainP105_94
G2888,TrainP105_95
G2889,TrainP105_96
G2890,TrainP105_97
G2891,TrainP105_98
G2892,TrainP105_99
G2893,TrainP105_100
G2894,TrainP105_101
G2895,TrainP105_102
G2896,TrainP105_103
G2897,TrainP105_104
G2898,TrainP105_105
G2899,TestP28_1
G2900,TestP28_2
G2901,TestP28_3
G2902,TestP28_4
G2903,TestP28_5
G2904,TestP28_6
G2905,TestP28_7
G2906,TestP28_8
G2907,TestP28_9
G2908,TestP28_10
G2909,TestP28_11
G2910,TestP28_12
G2911,TestP28_13
G2912,TestP28_14
G2913,TestP28_15
G2914,TestP28_16
G2915,TestP28_17
G2916,TestP28_18
G2917,TestP28_19
G2918,TestP28_20
G2919,TestP28_21
G2920,TestP28_22
G2921,TestP28_23
G2922,TestP28_24
G2923,TestP28_25
G2924,TestP28_26
G2925,TestP28_27
G2926,TestP28_28
G2927,TrainP105_1
G2928,TrainP105_2
G2929,TrainP105_3
G2930,TrainP105_4
G2931,TrainP105_5
G2932,TrainP105_6
G2933,TrainP105_7
G2934,TrainP105_8
G2935,TrainP105_9
G2936,TrainP105_10
G2937,TrainP105_11
G2938,TrainP105_12
G2939,TrainP105_13
G2940,TrainP105_14
G2941,TrainP105_15
G2942,TrainP105_16
G2943,TrainP105_17
G2944,TrainP105_18
G2945,TrainP105_19
G2946,TrainP105_20
G2947,TrainP105_21
G2948,TrainP105_22
G2949,TrainP105_23
G2950,TrainP105_24
G2951,TrainP105_25
G2952,TrainP105_26
G2953,TrainP105_27
G2954,TrainP105_28
G2955,TrainP105_29
G2956,TrainP105_30
G2957,TrainP105_31
G2958,TrainP105_32
G2959,TrainP105_33
G2960,TrainP105_34
G2961,TrainP105_35
G2962,TrainP105_36
G2963,TrainP105_37
G2964,TrainP105_38
G2965,TrainP105_39
G2966,TrainP105_40
G2967,TrainP105_41
G2968,TrainP105_42
G2969,TrainP105_43
G2970,TrainP105_44
G2971,TrainP105_45
G2972,TrainP105_46
G2973,TrainP105_47
G2974,TrainP105_48
G2975,TrainP105_49
G2976,TrainP105_50
G2977,TrainP105_51
G2978,TrainP105_52
G2979,TrainP105_53
G2980,TrainP105_54
G2981,TrainP105_55
G2982,TrainP105_56
G2983,TrainP105_57
G2984,TrainP105_58
G2985,TrainP105_59
G2986,TrainP105_60
G2987,TrainP105_61
G2988,TrainP105_62
G2989,TrainP105_63
G2990,TrainP105_64
G2991,TrainP105_65
G2992,TrainP105_66
G2993,TrainP105_67
G2994,TrainP105_68
G2995,TrainP105_69
G2996,TrainP105_70
G2997,TrainP105_71
G2998,TrainP105_72
G2999,TrainP105_73
G3000,TrainP105_74
G3001,TrainP105_75
G3002,TrainP105_76
G3003,TrainP105_77
G3004,TrainP105_78
G3005,TrainP105_79
G3006,TrainP105_80
G3007,TrainP105_81
G3008,TrainP105_82
G3009,TrainP105_83
G3010,TrainP105_84
G3011,TrainP105_85
G3012,TrainP105_86
G3013,TrainP105_87
G3014,TrainP105_88
G3015,TrainP105_89
G3016,TrainP105_90
G3017,TrainP105_91
G3018,TrainP105_92
G3019,TrainP105_93
G3020,TrainP105_94
G3021,TrainP105_95
G3022,TrainP105_96
G3023,TrainP105_97
G3024,TrainP105_98
G3025,TrainP105_99
G3026,TrainP105_100
G3027,TrainP105_101
G3028,TrainP105_102
G3029,TrainP105_103
G3030,TrainP105_104
G3031,TrainP105_105
G3032,TestP28_1
G3033,TestP28_2
G3034,TestP28_3
G3035,TestP28_4
G3036,TestP28_5
G3037,TestP28_6
G3038,TestP28_7
G3039,TestP28_8
G3040,TestP28_9
G3041,TestP28_10
G3042,TestP28_11
G3043,TestP28_12
G3044,TestP28_13
G3045,TestP28_14
G3046,TestP28_15
G3047,TestP28_16
G3048,TestP28_17
G3049,TestP28_18
G3050,TestP28_19
G3051,TestP28_20
G3052,TestP28_21
G3053,TestP28_22
G3054,TestP28_23
G3055,TestP28_24
G3056,TestP28_25
G3057,TestP28_26
G3058,TestP28_27
G3059,TestP28_28
G3060,TrainP105_1
G3061,TrainP105_2
G3062,TrainP105_3
G3063,TrainP105_4
G3064,TrainP105_5
G3065,TrainP105_6
G3066,TrainP105_7
G3067,TrainP105_8
G3068,TrainP105_9
G3069,TrainP105_10
G3070,TrainP105_11
G3071,TrainP105_12
G3072,TrainP105_13
G3073,TrainP105_14
G3074,TrainP105_15
G3075,TrainP105_16
G3076,TrainP105_17
G3077,TrainP105_18
G3078,TrainP105_19
G3079,TrainP105_20
G3080,TrainP105_21
G3081,TrainP105_22
G3082,TrainP105_23
G3083,TrainP105_24
G3084,TrainP105_25
G3085,TrainP105_26
G3086,TrainP105_27
G3087,TrainP105_28
G3088,TrainP105_29
G3089,TrainP105_30
G3090,TrainP105_31
G3091,TrainP105_32
G3092,TrainP105_33
G3093,TrainP105_34
G3094,TrainP105_35
G3095,TrainP105_36
G3096,TrainP105_37
G3097,TrainP105_38
G3098,TrainP105_39
G3099,TrainP105_40
G3100,TrainP105_41
G3101,TrainP105_42
G3102,TrainP105_43
G3103,TrainP105_44
G3104,TrainP105_45
G3105,TrainP105_46
G3106,TrainP105_47
G3107,TrainP105_48
G3108,TrainP105_49
G3109,TrainP105_50
G3110,TrainP105_51
G3111,TrainP105_52
G3112,TrainP105_53
G3113,TrainP105_54
G3114,TrainP105_55
G3115,TrainP105_56
G3116,TrainP105_57
G3117,TrainP105_58
G3118,TrainP105_59
G3119,TrainP105_60
G3120,TrainP105_61
G3121,TrainP105_62
G3122,TrainP105_63
G3123,TrainP105_64
G3124,TrainP105_65
G3125,TrainP105_66
G3126,TrainP105_67
G3127,TrainP105_68
G3128,TrainP105_69
G3129,TrainP105_70
G3130,TrainP105_71
G3131,TrainP105_72
G3132,TrainP105_73
G3133,TrainP105_74
G3134,TrainP105_75
G3135,TrainP105_76
G3136,TrainP105_77
G3137,TrainP105_78
G3138,TrainP105_79
G3139,TrainP105_80
G3140,TrainP105_81
G3141,TrainP105_82
G3142,TrainP105_83
G3143,TrainP105_84
G3144,TrainP105_85
G3145,TrainP105_86
G3146,TrainP105_87
G3147,TrainP105_88
G3148,TrainP105_89
G3149,TrainP105_90
G3150,TrainP105_91
G3151,TrainP105_92
G3152,TrainP105_93
G3153,TrainP105_94
G3154,TrainP105_95
G3155,TrainP105_96
G3156,TrainP105_97
G3157,TrainP105_98
G3158,TrainP105_99
G3159,TrainP105_100
G3160,TrainP105_101
G3161,TrainP105_102
G3162,TrainP105_103
G3163,TrainP105_104
G3164,TrainP105_105
G3165,TestP28_1
G3166,TestP28_2
G3167,TestP28_3
G3168,TestP28_4
G3169,TestP28_5
G3170,TestP28_6
G3171,TestP28_7
G3172,TestP28_8
G3173,TestP28_9
G3174,TestP28_10
G3175,TestP28_11
G3176,TestP28_12
G3177,TestP28_13
G3178,TestP28_14
G3179,TestP28_15
G3180,TestP28_16
G3181,TestP28_17
G3182,TestP28_18
G3183,TestP28_19
G3184,TestP28_20
G3185,TestP28_21
G3186,TestP28_22
G3187,TestP28_23
G3188,TestP28_24
G3189,TestP28_25
G3190,TestP28_26
G3191,TestP28_27
G3192,TestP28_28
G3193,TrainP105_1
G3194,TrainP105_2
G3195,TrainP105_3
G3196,TrainP105_4
G3197,TrainP105_5
G3198,TrainP105_6
G3199,TrainP105_7
G3200,TrainP105_8
G3201,TrainP105_9
G3202,TrainP105_10
G3203,TrainP105_11
G3204,TrainP105_12
G3205,TrainP105_13
G3206,TrainP105_14
G3207,TrainP105_15
G3208,TrainP105_16
G3209,TrainP105_17
G3210,TrainP105_18
G3211,TrainP105_19
G3212,TrainP105_20
G3213,TrainP105_21
G3214,TrainP105_22
G3215,TrainP105_23
G3216,TrainP105_24
G3217,TrainP105_25
G3218,TrainP105_26
G3219,TrainP105_27
G3220,TrainP105_28
G3221,TrainP105_29
G3222,TrainP105_30
G3223,TrainP105_31
G3224,TrainP105_32
G3225,TrainP105_33
G3226,TrainP105_34
G3227,TrainP105_35
G3228,TrainP105_36
G3229,TrainP105_37
G3230,TrainP105_38
G3231,TrainP105_39
G3232,TrainP105_40
G3233,TrainP105_41
G3234,TrainP105_42
G3235,TrainP105_43
G3236,TrainP105_44
G3237,TrainP105_45
G3238,TrainP105_46
G3239,TrainP105_47
G3240,TrainP105_48
G3241,TrainP105_49
G3242,TrainP105_50
G3243,TrainP105_51
G3244,TrainP105_52
G3245,TrainP105_53
G3246,TrainP105_54
G3247,TrainP105_55
G3248,TrainP105_56
G3249,TrainP105_57
G3250,TrainP105_58
G3251,TrainP105_59
G3252,TrainP105_60
G3253,TrainP105_61
G3254,TrainP105_62
G3255,TrainP105_63
G3256,TrainP105_64
G3257,TrainP105_65
G3258,TrainP105_66
G3259,TrainP105_67
G3260,TrainP105_68
G3261,TrainP105_69
G3262,TrainP105_70
G3263,TrainP105_71
G3264,TrainP105_72
G3265,TrainP105_73
G3266,TrainP105_74
G3267,TrainP105_75
G3268,TrainP105_76
G3269,TrainP105_77
G3270,TrainP105_78
G3271,TrainP105_79
G3272,TrainP105_80
G3273,TrainP105_81
G3274,TrainP105_82
G3275,TrainP105_83
G3276,TrainP105_84
G3277,TrainP105_85
G3278,TrainP105_86
G3279,TrainP105_87
G3280,TrainP105_88
G3281,TrainP105_89
G3282,TrainP105_90
G3283,TrainP105_91
G3284,TrainP105_92
G3285,TrainP105_93
G3286,TrainP105_94
G3287,TrainP105_95
G3288,TrainP105_96
G3289,TrainP105_97
G3290,TrainP105_98
G3291,TrainP105_99
G3292,TrainP105_100
G3293,TrainP105_101
G3294,TrainP105_102
G3295,TrainP105_103
G3296,TrainP105_104
G3297,TrainP105_105
G3298,TestP28_1
G3299,TestP28_2
G3300,TestP28_3
G3301,TestP28_4
G3302,TestP28_5
G3303,TestP28_6
G3304,TestP28_7
G3305,TestP28_8
G3306,TestP28_9
G3307,TestP28_10
G3308,TestP28_11
G3309,TestP28_12
G3310,TestP28_13
G3311,TestP28_14
G3312,TestP28_15
G3313,TestP28_16
G3314,TestP28_17
G3315,TestP28_18
G3316,TestP28_19
G3317,TestP28_20
G3318,TestP28_21
G3319,TestP28_22
G3320,TestP28_23
G3321,TestP28_24
G3322,TestP28_25
G3323,TestP28_26
G3324,TestP28_27
G3325,TestP28_28
G3326,TrainP105_1
G3327,TrainP105_2
G3328,TrainP105_3
G3329,TrainP105_4
G3330,TrainP105_5
G3331,TrainP105_6
G3332,TrainP105_7
G3333,TrainP105_8
G3334,TrainP105_9
G3335,TrainP105_10
G3336,TrainP105_11
G3337,TrainP105_12
G3338,TrainP105_13
G3339,TrainP105_14
G3340,TrainP105_15
G3341,TrainP105_16
G3342,TrainP105_17
G3343,TrainP105_18
G3344,TrainP105_19
G3345,TrainP105_20
G3346,TrainP105_21
G3347,TrainP105_22
G3348,TrainP105_23
G3349,TrainP105_24
G3350,TrainP105_25
G3351,TrainP105_26
G3352,TrainP105_27
G3353,TrainP105_28
G3354,TrainP105_29
G3355,TrainP105_30
G3356,TrainP105_31
G3357,TrainP105_32
G3358,TrainP105_33
G3359,TrainP105_34
G3360,TrainP105_35
G3361,TrainP105_36
G3362,TrainP105_37
G3363,TrainP105_38
G3364,TrainP105_39
G3365,TrainP105_40
G3366,TrainP105_41
G3367,TrainP105_42
G3368,TrainP105_43
G3369,TrainP105_44
G3370,TrainP105_45
G3371,TrainP105_46
G3372,TrainP105_47
G3373,TrainP105_48
G3374,TrainP105_49
G3375,TrainP105_50
G3376,TrainP105_51
G3377,TrainP105_52
G3378,TrainP105_53
G3379,TrainP105_54
G3380,TrainP105_55
G3381,TrainP105_56
G3382,TrainP105_57
G3383,TrainP105_58
G3384,TrainP105_59
G3385,TrainP105_60
G3386,TrainP105_61
G3387,TrainP105_62
G3388,TrainP105_63
G3389,TrainP105_64
G3390,TrainP105_65
G3391,TrainP105_66
G3392,TrainP105_67
G3393,TrainP105_68
G3394,TrainP105_69
G3395,TrainP105_70
G3396,TrainP105_71
G3397,TrainP105_72
G3398,TrainP105_73
G3399,TrainP105_74
G3400,TrainP105_75
G3401,TrainP105_76
G3402,TrainP105_77
G3403,TrainP105_78
G3404,TrainP105_79
G3405,TrainP105_80
G3406,TrainP105_81
G3407,TrainP105_82
G3408,TrainP105_83
G3409,TrainP105_84
G3410,TrainP105_85
G3411,TrainP105_86
G3412,TrainP105_87
G3413,TrainP105_88
G3414,TrainP105_89
G3415,TrainP105_90
G3416,TrainP105_91
G3417,TrainP105_92
G3418,TrainP105_93
G3419,TrainP105_94
G3420,TrainP105_95
G3421,TrainP105_96
G3422,TrainP105_97
G3423,TrainP105_98
G3424,TrainP105_99
G3425,TrainP105_100
G3426,TrainP105_101
G3427,TrainP105_102
G3428,TrainP105_103
G3429,TrainP105_104
G3430,TrainP105_105
G3431,TestP28_1
G3432,TestP28_2
G3433,TestP28_3
G3434,TestP28_4
G3435,TestP28_5
G3436,TestP28_6
G3437,TestP28_7
G3438,TestP28_8
G3439,TestP28_9
G3440,TestP28_10
G3441,TestP28_11
G3442,TestP28_12
G3443,TestP28_13
G3444,TestP28_14
G3445,TestP28_15
G3446,TestP28_16
G3447,TestP28_17
G3448,TestP28_18
G3449,TestP28_19
G3450,TestP28_20
G3451,TestP28_21
G3452,TestP28_22
G3453,TestP28_23
G3454,TestP28_24
G3455,TestP28_25
G3456,TestP28_26
G3457,TestP28_27
G3458,TestP28_28
G3459,TrainP105_1
G3460,TrainP105_2
G3461,TrainP105_3
G3462,TrainP105_4
G3463,TrainP105_5
G3464,TrainP105_6
G3465,TrainP105_7
G3466,TrainP105_8
G3467,TrainP105_9
G3468,TrainP105_10
G3469,TrainP105_11
G3470,TrainP105_12
G3471,TrainP105_13
G3472,TrainP105_14
G3473,TrainP105_15
G3474,TrainP105_16
G3475,TrainP105_17
G3476,TrainP105_18
G3477,TrainP105_19
G3478,TrainP105_20
G3479,TrainP105_21
G3480,TrainP105_22
G3481,TrainP105_23
G3482,TrainP105_24
G3483,TrainP105_25
G3484,TrainP105_26
G3485,TrainP105_27
G3486,TrainP105_28
G3487,TrainP105_29
G3488,TrainP105_30
G3489,TrainP105_31
G3490,TrainP105_32
G3491,TrainP105_33
G3492,TrainP105_34
G3493,TrainP105_35
G3494,TrainP105_36
G3495,TrainP105_37
G3496,TrainP105_38
G3497,TrainP105_39
G3498,TrainP105_40
G3499,TrainP105_41
G3500,TrainP105_42
G3501,TrainP105_43
G3502,TrainP105_44
G3503,TrainP105_45
G3504,TrainP105_46
G3505,TrainP105_47
G3506,TrainP105_48
G3507,TrainP105_49
G3508,TrainP105_50
G3509,TrainP105_51
G3510,TrainP105_52
G3511,TrainP105_53
G3512,TrainP105_54
G3513,TrainP105_55
G3514,TrainP105_56
G3515,TrainP105_57
G3516,TrainP105_58
G3517,TrainP105_59
G3518,TrainP105_60
G3519,TrainP105_61
G3520,TrainP105_62
G3521,TrainP105_63
G3522,TrainP105_64
G3523,TrainP105_65
G3524,TrainP105_66
G3525,TrainP105_67
G3526,TrainP105_68
G3527,TrainP105_69
G3528,TrainP105_70
G3529,TrainP105_71
G3530,TrainP105_72
G3531,TrainP105_73
G3532,TrainP105_74
G3533,TrainP105_75
G3534,TrainP105_76
G3535,TrainP105_77
G3536,TrainP105_78
G3537,TrainP105_79
G3538,TrainP105_80
G3539,TrainP105_81
G3540,TrainP105_82
G3541,TrainP105_83
G3542,TrainP105_84
G3543,TrainP105_85
G3544,TrainP105_86
G3545,TrainP105_87
G3546,TrainP105_88
G3547,TrainP105_89
G3548,TrainP105_90
G3549,TrainP105_91
G3550,TrainP105_92
G3551,TrainP105_93
G3552,TrainP105_94
G3553,TrainP105_95
G3554,TrainP105_96
G3555,TrainP105_97
G3556,TrainP105_98
G3557,TrainP105_99
G3558,TrainP105_100
G3559,TrainP105_101
G3560,TrainP105_102
G3561,TrainP105_103
G3562,TrainP105_104
G3563,TrainP105_105
G3564,TestP28_1
G3565,TestP28_2
G3566,TestP28_3
G3567,TestP28_4
G3568,TestP28_5
G3569,TestP28_6
G3570,TestP28_7
G3571,TestP28_8
G3572,TestP28_9
G3573,TestP28_10
G3574,TestP28_11
G3575,TestP28_12
G3576,TestP28_13
G3577,TestP28_14
G3578,TestP28_15
G3579,TestP28_16
G3580,TestP28_17
G3581,TestP28_18
G3582,TestP28_19
G3583,TestP28_20
G3584,TestP28_21
G3585,TestP28_22
G3586,TestP28_23
G3587,TestP28_24
G3588,TestP28_25
G3589,TestP28_26
G3590,TestP28_27
G3591,TestP28_28
G3592,TrainP105_1
G3593,TrainP105_2
G3594,TrainP105_3
G3595,TrainP105_4
G3596,TrainP105_5
G3597,TrainP105_6
G3598,TrainP105_7
G3599,TrainP105_8
G3600,TrainP105_9
G3601,TrainP105_10
G3602,TrainP105_11
G3603,TrainP105_12
G3604,TrainP105_13
G3605,TrainP105_14
G3606,TrainP105_15
G3607,TrainP105_16
G3608,TrainP105_17
G3609,TrainP105_18
G3610,TrainP105_19
G3611,TrainP105_20
G3612,TrainP105_21
G3613,TrainP105_22
G3614,TrainP105_23
G3615,TrainP105_24
G3616,TrainP105_25
G3617,TrainP105_26
G3618,TrainP105_27
G3619,TrainP105_28
G3620,TrainP105_29
G3621,TrainP105_30
G3622,TrainP105_31
G3623,TrainP105_32
G3624,TrainP105_33
G3625,TrainP105_34
G3626,TrainP105_35
G3627,TrainP105_36
G3628,TrainP105_37
G3629,TrainP105_38
G3630,TrainP105_39
G3631,TrainP105_40
G3632,TrainP105_41
G3633,TrainP105_42
G3634,TrainP105_43
G3635,TrainP105_44
G3636,TrainP105_45
G3637,TrainP105_46
G3638,TrainP105_47
G3639,TrainP105_48
G3640,TrainP105_49
G3641,TrainP105_50
G3642,TrainP105_51
G3643,TrainP105_52
G3644,TrainP105_53
G3645,TrainP105_54
G3646,TrainP105_55
G3647,TrainP105_56
G3648,TrainP105_57
G3649,TrainP105_58
G3650,TrainP105_59
G3651,TrainP105_60
G3652,TrainP105_61
G3653,TrainP105_62
G3654,TrainP105_63
G3655,TrainP105_64
G3656,TrainP105_65
G3657,TrainP105_66
G3658,TrainP105_67
G3659,TrainP105_68
G3660,TrainP105_69
G3661,TrainP105_70
G3662,TrainP105_71
G3663,TrainP105_72
G3664,TrainP105_73
G3665,TrainP105_74
G3666,TrainP105_75
G3667,TrainP105_76
G3668,TrainP105_77
G3669,TrainP105_78
G3670,TrainP105_79
G3671,TrainP105_80
G3672,TrainP105_81
G3673,TrainP105_82
G3674,TrainP105_83
G3675,TrainP105_84
G3676,TrainP105_85
G3677,TrainP105_86
G3678,TrainP105_87
G3679,TrainP105_88
G3680,TrainP105_89
G3681,TrainP105_90
G3682,TrainP105_91
G3683,TrainP105_92
G3684,TrainP105_93
G3685,TrainP105_94
G3686,TrainP105_95
G3687,TrainP105_96
G3688,TrainP105_97
G3689,TrainP105_98
G3690,TrainP105_99
G3691,TrainP105_100
G3692,TrainP105_101
G3693,TrainP105_102
G3694,TrainP105_103
G3695,TrainP105_104
G3696,TrainP105_105
G3697,TestP28_1
G3698,TestP28_2
G3699,TestP28_3
G3700,TestP28_4
G3701,TestP28_5
G3702,TestP28_6
G3703,TestP28_7
G3704,TestP28_8
G3705,TestP28_9
G3706,TestP28_10
G3707,TestP28_11
G3708,TestP28_12
G3709,TestP28_13
G3710,TestP28_14
G3711,TestP28_15
G3712,TestP28_16
G3713,TestP28_17
G3714,TestP28_18
G3715,TestP28_19
G3716,TestP28_20
G3717,TestP28_21
G3718,TestP28_22
G3719,TestP28_23
G3720,TestP28_24
G3721,TestP28_25
G3722,TestP28_26
G3723,TestP28_27
G3724,TestP28_28
G3725,TrainP105_1
G3726,TrainP105_2
G3727,TrainP105_3
G3728,TrainP105_4
G3729,TrainP105_5
G3730,TrainP105_6
G3731,TrainP105_7
G3732,TrainP105_8
G3733,TrainP105_9
G3734,TrainP105_10
G3735,TrainP105_11
G3736,TrainP105_12
G3737,TrainP105_13
G3738,TrainP105_14
G3739,TrainP105_15
G3740,TrainP105_16
G3741,TrainP105_17
G3742,TrainP105_18
G3743,TrainP105_19
G3744,TrainP105_20
G3745,TrainP105_21
G3746,TrainP105_22
G3747,TrainP105_23
G3748,TrainP105_24
G3749,TrainP105_25
G3750,TrainP105_26
G3751,TrainP105_27
G3752,TrainP105_28
G3753,TrainP105_29
G3754,TrainP105_30
G3755,TrainP105_31
G3756,TrainP105_32
G3757,TrainP105_33
G3758,TrainP105_34
G3759,TrainP105_35
G3760,TrainP105_36
G3761,TrainP105_37
G3762,TrainP105_38
G3763,TrainP105_39
G3764,TrainP105_40
G3765,TrainP105_41
G3766,TrainP105_42
G3767,TrainP105_43
G3768,TrainP105_44
G3769,TrainP105_45
G3770,TrainP105_46
G3771,TrainP105_47
G3772,TrainP105_48
G3773,TrainP105_49
G3774,TrainP105_50
G3775,TrainP105_51
G3776,TrainP105_52
G3777,TrainP105_53
G3778,TrainP105_54
G3779,TrainP105_55
G3780,TrainP105_56
G3781,TrainP105_57
G3782,TrainP105_58
G3783,TrainP105_59
G3784,TrainP105_60
G3785,TrainP105_61
G3786,TrainP105_62
G3787,TrainP105_63
G3788,TrainP105_64
G3789,TrainP105_65
G3790,TrainP105_66
G3791,TrainP105_67
G3792,TrainP105_68
G3793,TrainP105_69
G3794,TrainP105_70
G3795,TrainP105_71
G3796,TrainP105_72
G3797,TrainP105_73
G3798,TrainP105_74
G3799,TrainP105_75
G3800,TrainP105_76
G3801,TrainP105_77
G3802,TrainP105_78
G3803,TrainP105_79
G3804,TrainP105_80
G3805,TrainP105_81
G3806,TrainP105_82
G3807,TrainP105_83
G3808,TrainP105_84
G3809,TrainP105_85
G3810,TrainP105_86
G3811,TrainP105_87
G3812,TrainP105_88
G3813,TrainP105_89
G3814,TrainP105_90
G3815,TrainP105_91
G3816,TrainP105_92
G3817,TrainP105_93
G3818,TrainP105_94
G3819,TrainP105_95
G3820,TrainP105_96
G3821,TrainP105_97
G3822,TrainP105_98
G3823,TrainP105_99
G3824,TrainP105_100
G3825,TrainP105_101
G3826,TrainP105_102
G3827,TrainP105_103
G3828,TrainP105_104
G3829,TrainP105_105
G3830,TestP28_1
G3831,TestP28_2
G3832,TestP28_3
G3833,TestP28_4
G3834,TestP28_5
G3835,TestP28_6
G3836,TestP28_7
G3837,TestP28_8
G3838,TestP28_9
G3839,TestP28_10
G3840,TestP28_11
G3841,TestP28_12
G3842,TestP28_13
G3843,TestP28_14
G3844,TestP28_15
G3845,TestP28_16
G3846,TestP28_17
G3847,TestP28_18
G3848,TestP28_19
G3849,TestP28_20
G3850,TestP28_21
G3851,TestP28_22
G3852,TestP28_23
G3853,TestP28_24
G3854,TestP28_25
G3855,TestP28_26
G3856,TestP28_27
G3857,TestP28_28
G3858,TrainP105_1
G3859,TrainP105_2
G3860,TrainP105_3
G3861,TrainP105_4
G3862,TrainP105_5
G3863,TrainP105_6
G3864,TrainP105_7
G3865,TrainP105_8
G3866,TrainP105_9
G3867,TrainP105_10
G3868,TrainP105_11
G3869,TrainP105_12
G3870,TrainP105_13
G3871,TrainP105_14
G3872,TrainP105_15
G3873,TrainP105_16
G3874,TrainP105_17
G3875,TrainP105_18
G3876,TrainP105_19
G3877,TrainP105_20
G3878,TrainP105_21
G3879,TrainP105_22
G3880,TrainP105_23
G3881,TrainP105_24
G3882,TrainP105_25
G3883,TrainP105_26
G3884,TrainP105_27
G3885,TrainP105_28
G3886,TrainP105_29
G3887,TrainP105_30
G3888,TrainP105_31
G3889,TrainP105_32
G3890,TrainP105_33
G3891,TrainP105_34
G3892,TrainP105_35
G3893,TrainP105_36
G3894,TrainP105_37
G3895,TrainP105_38
G3896,TrainP105_39
G3897,TrainP105_40
G3898,TrainP105_41
G3899,TrainP105_42
G3900,TrainP105_43
G3901,TrainP105_44
G3902,TrainP105_45
G3903,TrainP105_46
G3904,TrainP105_47
G3905,TrainP105_48
G3906,TrainP105_49
G3907,TrainP105_50
G3908,TrainP105_51
G3909,TrainP105_52
G3910,TrainP105_53
G3911,TrainP105_54
G3912,TrainP105_55
G3913,TrainP105_56
G3914,TrainP105_57
G3915,TrainP105_58
G3916,TrainP105_59
G3917,TrainP105_60
G3918,TrainP105_61
G3919,TrainP105_62
G3920,TrainP105_63
G3921,TrainP105_64
G3922,TrainP105_65
G3923,TrainP105_66
G3924,TrainP105_67
G3925,TrainP105_68
G3926,TrainP105_69
G3927,TrainP105_70
G3928,TrainP105_71
G3929,TrainP105_72
G3930,TrainP105_73
G3931,TrainP105_74
G3932,TrainP105_75
G3933,TrainP105_76
G3934,TrainP105_77
G3935,TrainP105_78
G3936,TrainP105_79
G3937,TrainP105_80
G3938,TrainP105_81
G3939,TrainP105_82
G3940,TrainP105_83
G3941,TrainP105_84
G3942,TrainP105_85
G3943,TrainP105_86
G3944,TrainP105_87
G3945,TrainP105_88
G3946,TrainP105_89
G3947,TrainP105_90
G3948,TrainP105_91
G3949,TrainP105_92
G3950,TrainP105_93
G3951,TrainP105_94
G3952,TrainP105_95
G3953,TrainP105_96
G3954,TrainP105_97
G3955,TrainP105_98
G3956,TrainP105_99
G3957,TrainP105_100
G3958,TrainP105_101
G3959,TrainP105_102
G3960,TrainP105_103
G3961,TrainP105_104
G3962,TrainP105_105
G3963,TestP28_1
G3964,TestP28_2
G3965,TestP28_3
G3966,TestP28_4
G3967,TestP28_5
G3968,TestP28_6
G3969,TestP28_7
G3970,TestP28_8
G3971,TestP28_9
G3972,TestP28_10
G3973,TestP28_11
G3974,TestP28_12
G3975,TestP28_13
G3976,TestP28_14
G3977,TestP28_15
G3978,TestP28_16
G3979,TestP28_17
G3980,TestP28_18
G3981,TestP28_19
G3982,TestP28_20
G3983,TestP28_21
G3984,TestP28_22
G3985,TestP28_23
G3986,TestP28_24
G3987,TestP28_25
G3988,TestP28_26
G3989,TestP28_27
G3990,TestP28_28
G3991,TrainP105_1
G3992,TrainP105_2
G3993,TrainP105_3
G3994,TrainP105_4
G3995,TrainP105_5
G3996,TrainP105_6
G3997,TrainP105_7
G3998,TrainP105_8
G3999,TrainP105_9
G4000,TrainP105_10
G4001,TrainP105_11
G4002,TrainP105_12
G4003,TrainP105_13
G4004,TrainP105_14
G4005,TrainP105_15
G4006,TrainP105_16
G4007,TrainP105_17
G4008,TrainP105_18
G4009,TrainP105_19
G4010,TrainP105_20
G4011,TrainP105_21
G4012,TrainP105_22
G4013,TrainP105_23
G4014,TrainP105_24
G4015,TrainP105_25
G4016,TrainP105_26
G4017,TrainP105_27
G4018,TrainP105_28
G4019,TrainP105_29
G4020,TrainP105_30
G4021,TrainP105_31
G4022,TrainP105_32
G4023,TrainP105_33
G4024,TrainP105_34
G4025,TrainP105_35
G4026,TrainP105_36
G4027,TrainP105_37
G4028,TrainP105_38
G4029,TrainP105_39
G4030,TrainP105_40
G4031,TrainP105_41
G4032,TrainP105_42
G4033,TrainP105_43
G4034,TrainP105_44
G4035,TrainP105_45
G4036,TrainP105_46
G4037,TrainP105_47
G4038,TrainP105_48
G4039,TrainP105_49
G4040,TrainP105_50
G4041,TrainP105_51
G4042,TrainP105_52
G4043,TrainP105_53
G4044,TrainP105_54
G4045,TrainP105_55
G4046,TrainP105_56
G4047,TrainP105_57
G4048,TrainP105_58
G4049,TrainP105_59
G4050,TrainP105_60
G4051,TrainP105_61
G4052,TrainP105_62
G4053,TrainP105_63
G4054,TrainP105_64
G4055,TrainP105_65
G4056,TrainP105_66
G4057,TrainP105_67
G4058,TrainP105_68
G4059,TrainP105_69
G4060,TrainP105_70
G4061,TrainP105_71
G4062,TrainP105_72
G4063,TrainP105_73
G4064,TrainP105_74
G4065,TrainP105_75
G4066,TrainP105_76
G4067,TrainP105_77
G4068,TrainP105_78
G4069,TrainP105_79
G4070,TrainP105_80
G4071,TrainP105_81
G4072,TrainP105_82
G4073,TrainP105_83
G4074,TrainP105_84
G4075,TrainP105_85
G4076,TrainP105_86
G4077,TrainP105_87
G4078,TrainP105_88
G4079,TrainP105_89
G4080,TrainP105_90
G4081,TrainP105_91
G4082,TrainP105_92
G4083,TrainP105_93
G4084,TrainP105_94
G4085,TrainP105_95
G4086,TrainP105_96
G4087,TrainP105_97
G4088,TrainP105_98
G4089,TrainP105_99
G4090,TrainP105_100
G4091,TrainP105_101
G4092,TrainP105_102
G4093,TrainP105_103
G4094,TrainP105_104
G4095,TrainP105_105
G4096,TestP28_1
G4097,TestP28_2
G4098,TestP28_3
G4099,TestP28_4
G4100,TestP28_5
G4101,TestP28_6
G4102,TestP28_7
G4103,TestP28_8
G4104,TestP28_9
G4105,TestP28_10
G4106,TestP28_11
G4107,TestP28_12
G4108,TestP28_13
G4109,TestP28_14
G4110,TestP28_15
G4111,TestP28_16
G4112,TestP28_17
G4113,TestP28_18
G4114,TestP28_19
G4115,TestP28_20
G4116,TestP28_21
G4117,TestP28_22
G4118,TestP28_23
G4119,TestP28_24
G4120,TestP28_25
G4121,TestP28_26
G4122,TestP28_27
G4123,TestP28_28
G4124,TrainP105_1
G4125,TrainP105_2
G4126,TrainP105_3
G4127,TrainP105_4
G4128,TrainP105_5
G4129,TrainP105_6
G4130,TrainP105_7
G4131,TrainP105_8
G4132,TrainP105_9
G4133,TrainP105_10
G4134,TrainP105_11
G4135,TrainP105_12
G4136,TrainP105_13
G4137,TrainP105_14
G4138,TrainP105_15
G4139,TrainP105_16
G4140,TrainP105_17
G4141,TrainP105_18
G4142,TrainP105_19
G4143,TrainP105_20
G4144,TrainP105_21
G4145,TrainP105_22
G4146,TrainP105_23
G4147,TrainP105_24
G4148,TrainP105_25
G4149,TrainP105_26
G4150,TrainP105_27
G4151,TrainP105_28
G4152,TrainP105_29
G4153,TrainP105_30
G4154,TrainP105_31
G4155,TrainP105_32
G4156,TrainP105_33
G4157,TrainP105_34
G4158,TrainP105_35
G4159,TrainP105_36
G4160,TrainP105_37
G4161,TrainP105_38
G4162,TrainP105_39
G4163,TrainP105_40
G4164,TrainP105_41
G4165,TrainP105_42
G4166,TrainP105_43
G4167,TrainP105_44
G4168,TrainP105_45
G4169,TrainP105_46
G4170,TrainP105_47
G4171,TrainP105_48
G4172,TrainP105_49
G4173,TrainP105_50
G4174,TrainP105_51
G4175,TrainP105_52
G4176,TrainP105_53
G4177,TrainP105_54
G4178,TrainP105_55
G4179,TrainP105_56
G4180,TrainP105_57
G4181,TrainP105_58
G4182,TrainP105_59
G4183,TrainP105_60
G4184,TrainP105_61
G4185,TrainP105_62
G4186,TrainP105_63
G4187,TrainP105_64
G4188,TrainP105_65
G4189,TrainP105_66
G4190,TrainP105_67
G4191,TrainP105_68
G4192,TrainP105_69
G4193,TrainP105_70
G4194,TrainP105_71
G4195,TrainP105_72
G4196,TrainP105_73
G4197,TrainP105_74
G4198,TrainP105_75
G4199,TrainP105_76
G4200,TrainP105_77
G4201,TrainP105_78
G4202,TrainP105_79
G4203,TrainP105_80
G4204,TrainP105_81
G4205,TrainP105_82
G4206,TrainP105_83
G4207,TrainP105_84
G4208,TrainP105_85
G4209,TrainP105_86
G4210,TrainP105_87
G4211,TrainP105_88
G4212,TrainP105_89
G4213,TrainP105_90
G4214,TrainP105_91
G4215,TrainP105_92
G4216,TrainP105_93
G4217,TrainP105_94
G4218,TrainP105_95
G4219,TrainP105_96
G4220,TrainP105_97
G4221,TrainP105_98
G4222,TrainP105_99
G4223,TrainP105_100
G4224,TrainP105_101
G4225,TrainP105_102
G4226,TrainP105_103
G4227,TrainP105_104
G4228,TrainP105_105
G4229,TestP28_1
G4230,TestP28_2
G4231,TestP28_3
G4232,TestP28_4
G4233,TestP28_5
G4234,TestP28_6
G4235,TestP28_7
G4236,TestP28_8
G4237,TestP28_9
G4238,TestP28_10
G4239,TestP28_11
G4240,TestP28_12
G4241,TestP28_13
G4242,TestP28_14
G4243,TestP28_15
G4244,TestP28_16
G4245,TestP28_17
G4246,TestP28_18
G4247,TestP28_19
G4248,TestP28_20
G4249,TestP28_21
G4250,TestP28_22
G4251,TestP28_23
G4252,TestP28_24
G4253,TestP28_25
G4254,TestP28_26
G4255,TestP28_27
G4256,TestP28_28
G4257,TrainP105_1
G4258,TrainP105_2
G4259,TrainP105_3
G4260,TrainP105_4
G4261,TrainP105_5
G4262,TrainP105_6
G4263,TrainP105_7
G4264,TrainP105_8
G4265,TrainP105_9
G4266,TrainP105_10
G4267,TrainP105_11
G4268,TrainP105_12
G4269,TrainP105_13
G4270,TrainP105_14
G4271,TrainP105_15
G4272,TrainP105_16
G4273,TrainP105_17
G4274,TrainP105_18
G4275,TrainP105_19
G4276,TrainP105_20
G4277,TrainP105_21
G4278,TrainP105_22
G4279,TrainP105_23
G4280,TrainP105_24
G4281,TrainP105_25
G4282,TrainP105_26
G4283,TrainP105_27
G4284,TrainP105_28
G4285,TrainP105_29
G4286,TrainP105_30
G4287,TrainP105_31
G4288,TrainP105_32
G4289,TrainP105_33
G4290,TrainP105_34
G4291,TrainP105_35
G4292,TrainP105_36
G4293,TrainP105_37
G4294,TrainP105_38
G4295,TrainP105_39
G4296,TrainP105_40
G4297,TrainP105_41
G4298,TrainP105_42
G4299,TrainP105_43
G4300,TrainP105_44
G4301,TrainP105_45
G4302,TrainP105_46
G4303,TrainP105_47
G4304,TrainP105_48
G4305,TrainP105_49
G4306,TrainP105_50
G4307,TrainP105_51
G4308,TrainP105_52
G4309,TrainP105_53
G4310,TrainP105_54
G4311,TrainP105_55
G4312,TrainP105_56
G4313,TrainP105_57
G4314,TrainP105_58
G4315,TrainP105_59
G4316,TrainP105_60
G4317,TrainP105_61
G4318,TrainP105_62
G4319,TrainP105_63
G4320,TrainP105_64
G4321,TrainP105_65
G4322,TrainP105_66
G4323,TrainP105_67
G4324,TrainP105_68
G4325,TrainP105_69
G4326,TrainP105_70
G4327,TrainP105_71
G4328,TrainP105_72
G4329,TrainP105_73
G4330,TrainP105_74
G4331,TrainP105_75
G4332,TrainP105_76
G4333,TrainP105_77
G4334,TrainP105_78
G4335,TrainP105_79
G4336,TrainP105_80
G4337,TrainP105_81
G4338,TrainP105_82
G4339,TrainP105_83
G4340,TrainP105_84
G4341,TrainP105_85
G4342,TrainP105_86
G4343,TrainP105_87
G4344,TrainP105_88
G4345,TrainP105_89
G4346,TrainP105_90
G4347,TrainP105_91
G4348,TrainP105_92
G4349,TrainP105_93
G4350,TrainP105_94
G4351,TrainP105_95
G4352,TrainP105_96
G4353,TrainP105_97
G4354,TrainP105_98
G4355,TrainP105_99
G4356,TrainP105_100
G4357,TrainP105_101
G4358,TrainP105_102
G4359,TrainP105_103
G4360,TrainP105_104
G4361,TrainP105_105
G4362,TestP28_1
G4363,TestP28_2
G4364,TestP28_3
G4365,TestP28_4
G4366,TestP28_5
G4367,TestP28_6
G4368,TestP28_7
G4369,TestP28_8
G4370,TestP28_9
G4371,TestP28_10
G4372,TestP28_11
G4373,TestP28_12
G4374,TestP28_13
G4375,TestP28_14
G4376,TestP28_15
G4377,TestP28_16
G4378,TestP28_17
G4379,TestP28_18
G4380,TestP28_19
G4381,TestP28_20
G4382,TestP28_21
G4383,TestP28_22
G4384,TestP28_23
G4385,TestP28_24
G4386,TestP28_25
G4387,TestP28_26
G4388,TestP28_27
G4389,TestP28_28
G4390,TrainP105_1
G4391,TrainP105_2
G4392,TrainP105_3
G4393,TrainP105_4
G4394,TrainP105_5
G4395,TrainP105_6
G4396,TrainP105_7
G4397,TrainP105_8
G4398,TrainP105_9
G4399,TrainP105_10
G4400,TrainP105_11
G4401,TrainP105_12
G4402,TrainP105_13
G4403,TrainP105_14
G4404,TrainP105_15
G4405,TrainP105_16
G4406,TrainP105_17
G4407,TrainP105_18
G4408,TrainP105_19
G4409,TrainP105_20
G4410,TrainP105_21
G4411,TrainP105_22
G4412,TrainP105_23
G4413,TrainP105_24
G4414,TrainP105_25
G4415,TrainP105_26
G4416,TrainP105_27
G4417,TrainP105_28
G4418,TrainP105_29
G4419,TrainP105_30
G4420,TrainP105_31
G4421,TrainP105_32
G4422,TrainP105_33
G4423,TrainP105_34
G4424,TrainP105_35
G4425,TrainP105_36
G4426,TrainP105_37
G4427,TrainP105_38
G4428,TrainP105_39
G4429,TrainP105_40
G4430,TrainP105_41
G4431,TrainP105_42
G4432,TrainP105_43
G4433,TrainP105_44
G4434,TrainP105_45
G4435,TrainP105_46
G4436,TrainP105_47
G4437,TrainP105_48
G4438,TrainP105_49
G4439,TrainP105_50
G4440,TrainP105_51
G4441,TrainP105_52
G4442,TrainP105_53
G4443,TrainP105_54
G4444,TrainP105_55
G4445,TrainP105_56
G4446,TrainP105_57
G4447,TrainP105_58
G4448,TrainP105_59
G4449,TrainP105_60
G4450,TrainP105_61
G4451,TrainP105_62
G4452,TrainP105_63
G4453,TrainP105_64
G4454,TrainP105_65
G4455,TrainP105_66
G4456,TrainP105_67
G4457,TrainP105_68
G4458,TrainP105_69
G4459,TrainP105_70
G4460,TrainP105_71
G4461,TrainP105_72
G4462,TrainP105_73
G4463,TrainP105_74
G4464,TrainP105_75
G4465,TrainP105_76
G4466,TrainP105_77
G4467,TrainP105_78
G4468,TrainP105_79
G4469,TrainP105_80
G4470,TrainP105_81
G4471,TrainP105_82
G4472,TrainP105_83
G4473,TrainP105_84
G4474,TrainP105_85
G4475,TrainP105_86
G4476,TrainP105_87
G4477,TrainP105_88
G4478,TrainP105_89
G4479,TrainP105_90
G4480,TrainP105_91
G4481,TrainP105_92
G4482,TrainP105_93
G4483,TrainP105_94
G4484,TrainP105_95
G4485,TrainP105_96
G4486,TrainP105_97
G4487,TrainP105_98
G4488,TrainP105_99
G4489,TrainP105_100
G4490,TrainP105_101
G4491,TrainP105_102
G4492,TrainP105_103
G4493,TrainP105_104
G4494,TrainP105_105
G4495,TestP28_1
G4496,TestP28_2
G4497,TestP28_3
G4498,TestP28_4
G4499,TestP28_5
G4500,TestP28_6
G4501,TestP28_7
G4502,TestP28_8
G4503,TestP28_9
G4504,TestP28_10
G4505,TestP28_11
G4506,TestP28_12
G4507,TestP28_13
G4508,TestP28_14
G4509,TestP28_15
G4510,TestP28_16
G4511,TestP28_17
G4512,TestP28_18
G4513,TestP28_19
G4514,TestP28_20
G4515,TestP28_21
G4516,TestP28_22
G4517,TestP28_23
G4518,TestP28_24
G4519,TestP28_25
G4520,TestP28_26
G4521,TestP28_27
G4522,TestP28_28
G4523,TrainP105_1
G4524,TrainP105_2
G4525,TrainP105_3
G4526,TrainP105_4
G4527,TrainP105_5
G4528,TrainP105_6
G4529,TrainP105_7
G4530,TrainP105_8
G4531,TrainP105_9
G4532,TrainP105_10
G4533,TrainP105_11
G4534,TrainP105_12
G4535,TrainP105_13
G4536,TrainP105_14
G4537,TrainP105_15
G4538,TrainP105_16
G4539,TrainP105_17
G4540,TrainP105_18
G4541,TrainP105_19
G4542,TrainP105_20
G4543,TrainP105_21
G4544,TrainP105_22
G4545,TrainP105_23
G4546,TrainP105_24
G4547,TrainP105_25
G4548,TrainP105_26
G4549,TrainP105_27
G4550,TrainP105_28
G4551,TrainP105_29
G4552,TrainP105_30
G4553,TrainP105_31
G4554,TrainP105_32
G4555,TrainP105_33
G4556,TrainP105_34
G4557,TrainP105_35
G4558,TrainP105_36
G4559,TrainP105_37
G4560,TrainP105_38
G4561,TrainP105_39
G4562,TrainP105_40
G4563,TrainP105_41
G4564,TrainP105_42
G4565,TrainP105_43
G4566,TrainP105_44
G4567,TrainP105_45
G4568,TrainP105_46
G4569,TrainP105_47
G4570,TrainP105_48
G4571,TrainP105_49
G4572,TrainP105_50
G4573,TrainP105_51
G4574,TrainP105_52
G4575,TrainP105_53
G4576,TrainP105_54
G4577,TrainP105_55
G4578,TrainP105_56
G4579,TrainP105_57
G4580,TrainP105_58
G4581,TrainP105_59
G4582,TrainP105_60
G4583,TrainP105_61
G4584,TrainP105_62
G4585,TrainP105_63
G4586,TrainP105_64
G4587,TrainP105_65
G4588,TrainP105_66
G4589,TrainP105_67
G4590,TrainP105_68
G4591,TrainP105_69
G4592,TrainP105_70
G4593,TrainP105_71
G4594,TrainP105_72
G4595,TrainP105_73
G4596,TrainP105_74
G4597,TrainP105_75
G4598,TrainP105_76
G4599,TrainP105_77
G4600,TrainP105_78
G4601,TrainP105_79
G4602,TrainP105_80
G4603,TrainP105_81
G4604,TrainP105_82
G4605,TrainP105_83
G4606,TrainP105_84
G4607,TrainP105_85
G4608,TrainP105_86
G4609,TrainP105_87
G4610,TrainP105_88
G4611,TrainP105_89
G4612,TrainP105_90
G4613,TrainP105_91
G4614,TrainP105_92
G4615,TrainP105_93
G4616,TrainP105_94
G4617,TrainP105_95
G4618,TrainP105_96
G4619,TrainP105_97
G4620,TrainP105_98
G4621,TrainP105_99
G4622,TrainP105_100
G4623,TrainP105_101
G4624,TrainP105_102
G4625,TrainP105_103
G4626,TrainP105_104
G4627,TrainP105_105
G4628,TestP28_1
G4629,TestP28_2
G4630,TestP28_3
G4631,TestP28_4
G4632,TestP28_5
G4633,TestP28_6
G4634,TestP28_7
G4635,TestP28_8
G4636,TestP28_9
G4637,TestP28_10
G4638,TestP28_11
G4639,TestP28_12
G4640,TestP28_13
G4641,TestP28_14
G4642,TestP28_15
G4643,TestP28_16
G4644,TestP28_17
G4645,TestP28_18
G4646,TestP28_19
G4647,TestP28_20
G4648,TestP28_21
G4649,TestP28_22
G4650,TestP28_23
G4651,TestP28_24
G4652,TestP28_25
G4653,TestP28_26
G4654,TestP28_27
G4655,TestP28_28
